<?xml version="1.0" encoding="UTF-8"?><?xml-stylesheet type='text/xsl' href='_UpgradeReport_Files/UpgradeReport.xslt'?><UpgradeLog>
<Properties><Property Name="Solution" Value="OverviewWindow">
</Property><Property Name="Solution File" Value="C:\Users\Proman02\vimfiles\bundle\CodeOverview\OverviewWindow.sln">
</Property><Property Name="Date" Value="martes, 21 de mayo de 2013">
</Property><Property Name="Time" Value="08:24:53 a.m.">
</Property></Properties><Event ErrorLevel="0" Project="CppOverview" Source="CppOverview\CppOverview.vcproj" Description="Converting project file 'C:\Users\Proman02\vimfiles\bundle\CodeOverview\CppOverview\CppOverview.vcproj'.">
</Event><Event ErrorLevel="1" Project="CppOverview" Source="CppOverview\CppOverview.vcproj" Description="VCWebServiceProxyGeneratorTool is no longer supported. The tool has been removed from your project settings.">
</Event><Event ErrorLevel="0" Project="CppOverview" Source="CppOverview\CppOverview.vcproj" Description="Done converting to new project file 'C:\Users\Proman02\vimfiles\bundle\CodeOverview\CppOverview\CppOverview.vcxproj'.">
</Event><Event ErrorLevel="3" Project="CppOverview" Source="CppOverview\CppOverview.vcproj" Description="Converted">
</Event></UpgradeLog>