<?xml version="1.0" encoding="UTF-8"?>
<scheme name="Tomorrow Night Eighties" version="124" parent_scheme="Default">
  <option name="LINE_SPACING" value="1.0" />
  <option name="EDITOR_FONT_SIZE" value="12" />
  <option name="CONSOLE_FONT_NAME" value="Monospaced" />
  <option name="EDITOR_FONT_NAME" value="Menlo" />
  <colors>
    <option name="ADDED_LINES_COLOR" value="cccccc" />
    <option name="ANNOTATIONS_COLOR" value="ffffff" />
    <option name="ANNOTATIONS_MERGED_COLOR" value="ffffff" />
    <option name="CARET_COLOR" value="ffffff" />
    <option name="CARET_ROW_COLOR" value="393939" />
    <option name="CONSOLE_BACKGROUND_KEY" value="" />
    <option name="GUTTER_BACKGROUND" value="2d2d2d" />
    <option name="HTML_TAG_TREE_LEVEL0" value="cc99cc" />
    <option name="HTML_TAG_TREE_LEVEL1" value="6699cc" />
    <option name="HTML_TAG_TREE_LEVEL2" value="66cccc" />
    <option name="HTML_TAG_TREE_LEVEL3" value="99cc99" />
    <option name="HTML_TAG_TREE_LEVEL4" value="ffcc66" />
    <option name="HTML_TAG_TREE_LEVEL5" value="f99157" />
    <option name="INDENT_GUIDE" value="515151" />
    <option name="LINE_NUMBERS_COLOR" value="cccccc" />
    <option name="METHOD_SEPARATORS_COLOR" value="" />
    <option name="MODIFIED_LINES_COLOR" value="393939" />
    <option name="NOTIFICATION_BACKGROUND" value="" />
    <option name="READONLY_BACKGROUND" value="" />
    <option name="READONLY_FRAGMENT_BACKGROUND" value="ffff00" />
    <option name="RECURSIVE_CALL_ATTRIBUTES" value="cc99cc" />
    <option name="RIGHT_MARGIN_COLOR" value="515151" />
    <option name="SELECTED_INDENT_GUIDE" value="515151" />
    <option name="SELECTED_TEARLINE_COLOR" value="ffffff" />
    <option name="SELECTION_BACKGROUND" value="515151" />
    <option name="SELECTION_FOREGROUND" value="" />
    <option name="TEARLINE_COLOR" value="515151" />
    <option name="WHITESPACES" value="515151" />
  </colors>
  <attributes>
    <option name="ABSTRACT_CLASS_NAME_ATTRIBUTES">
      <value>
        <option name="FOREGROUND" value="ffcc66" />
      </value>
    </option>
    <option name="ANNOTATION_NAME_ATTRIBUTES">
      <value>
        <option name="FOREGROUND" value="f2777a" />
        <option name="EFFECT_TYPE" value="1" />
      </value>
    </option>
    <option name="APACHE_CONFIG.ARG_LEXEM">
      <value>
        <option name="FOREGROUND" value="99cc99" />
        <option name="FONT_TYPE" value="1" />
      </value>
    </option>
    <option name="APACHE_CONFIG.COMMENT">
      <value>
        <option name="FOREGROUND" value="999999" />
        <option name="FONT_TYPE" value="2" />
      </value>
    </option>
    <option name="APACHE_CONFIG.IDENTIFIER">
      <value>
        <option name="FOREGROUND" value="cc99cc" />
        <option name="FONT_TYPE" value="1" />
      </value>
    </option>
    <option name="BAD_CHARACTER">
      <value>
        <option name="FOREGROUND" value="ffffff" />
        <option name="BACKGROUND" value="f2777a" />
        <option name="EFFECT_TYPE" value="2" />
        <option name="ERROR_STRIPE_COLOR" value="ff0000" />
      </value>
    </option>
    <option name="BREAKPOINT_ATTRIBUTES">
      <value>
        <option name="FOREGROUND" value="ffffff" />
        <option name="BACKGROUND" value="f2777a" />
      </value>
    </option>
    <option name="BUILDOUT.KEY">
      <value>
        <option name="FOREGROUND" value="cc99cc" />
        <option name="FONT_TYPE" value="1" />
      </value>
    </option>
    <option name="BUILDOUT.KEY_VALUE_SEPARATOR">
      <value>
        <option name="FOREGROUND" value="66cccc" />
      </value>
    </option>
    <option name="BUILDOUT.LINE_COMMENT">
      <value>
        <option name="FOREGROUND" value="999999" />
        <option name="FONT_TYPE" value="2" />
      </value>
    </option>
    <option name="BUILDOUT.SECTION_NAME">
      <value>
        <option name="FOREGROUND" value="6699cc" />
      </value>
    </option>
    <option name="BUILDOUT.VALUE">
      <value>
        <option name="FONT_TYPE" value="1" />
      </value>
    </option>
    <option name="C.KEYWORD">
      <value>
        <option name="FOREGROUND" value="cc99cc" />
        <option name="FONT_TYPE" value="1" />
      </value>
    </option>
    <option name="CLASS_NAME_ATTRIBUTES">
      <value>
        <option name="FOREGROUND" value="ffcc66" />
      </value>
    </option>
    <option name="CLASS_REFERENCE">
      <value>
        <option name="FOREGROUND" value="ffcc66" />
        <option name="EFFECT_TYPE" value="-1" />
      </value>
    </option>
    <option name="COFFEESCRIPT.BAD_CHARACTER">
      <value>
        <option name="FOREGROUND" value="ffffff" />
        <option name="BACKGROUND" value="f2777a" />
        <option name="ERROR_STRIPE_COLOR" value="ff0000" />
      </value>
    </option>
    <option name="COFFEESCRIPT.BLOCK_COMMENT">
      <value>
        <option name="FOREGROUND" value="999999" />
        <option name="FONT_TYPE" value="2" />
      </value>
    </option>
    <option name="COFFEESCRIPT.BOOLEAN">
      <value>
        <option name="FOREGROUND" value="f99157" />
        <option name="FONT_TYPE" value="1" />
      </value>
    </option>
    <option name="COFFEESCRIPT.CLASS_NAME">
      <value>
        <option name="FOREGROUND" value="ffcc66" />
      </value>
    </option>
    <option name="COFFEESCRIPT.ESCAPE_SEQUENCE">
      <value>
        <option name="FOREGROUND" value="6699cc" />
      </value>
    </option>
    <option name="COFFEESCRIPT.EXISTENTIAL">
      <value>
        <option name="FOREGROUND" value="66cccc" />
      </value>
    </option>
    <option name="COFFEESCRIPT.EXPRESSIONS_SUBSTITUTION_MARK">
      <value>
        <option name="FOREGROUND" value="ffffff" />
      </value>
    </option>
    <option name="COFFEESCRIPT.FUNCTION">
      <value>
        <option name="FOREGROUND" value="66cccc" />
      </value>
    </option>
    <option name="COFFEESCRIPT.FUNCTION_BINDING">
      <value>
        <option name="FOREGROUND" value="66cccc" />
      </value>
    </option>
    <option name="COFFEESCRIPT.FUNCTION_NAME">
      <value>
        <option name="FOREGROUND" value="6699cc" />
      </value>
    </option>
    <option name="COFFEESCRIPT.GLOBAL_VARIABLE">
      <value>
        <option name="FOREGROUND" value="f2777a" />
      </value>
    </option>
    <option name="COFFEESCRIPT.HEREDOC_CONTENT">
      <value>
        <option name="FONT_TYPE" value="1" />
      </value>
    </option>
    <option name="COFFEESCRIPT.HEREDOC_ID">
      <value>
        <option name="FOREGROUND" value="ffcc66" />
        <option name="FONT_TYPE" value="1" />
      </value>
    </option>
    <option name="COFFEESCRIPT.HEREGEX_CONTENT">
      <value />
    </option>
    <option name="COFFEESCRIPT.HEREGEX_ID">
      <value>
        <option name="FOREGROUND" value="ffcc66" />
        <option name="FONT_TYPE" value="1" />
      </value>
    </option>
    <option name="COFFEESCRIPT.JAVASCRIPT_CONTENT">
      <value />
    </option>
    <option name="COFFEESCRIPT.JAVASCRIPT_ID">
      <value>
        <option name="FOREGROUND" value="cccccc" />
        <option name="BACKGROUND" value="6699cc" />
        <option name="FONT_TYPE" value="1" />
      </value>
    </option>
    <option name="COFFEESCRIPT.KEYWORD">
      <value>
        <option name="FOREGROUND" value="cc99cc" />
      </value>
    </option>
    <option name="COFFEESCRIPT.LINE_COMMENT">
      <value>
        <option name="FOREGROUND" value="999999" />
        <option name="FONT_TYPE" value="2" />
      </value>
    </option>
    <option name="COFFEESCRIPT.LOCAL_VARIABLE">
      <value>
        <option name="FOREGROUND" value="458383" />
        <option name="EFFECT_TYPE" value="-1" />
      </value>
    </option>
    <option name="COFFEESCRIPT.NUMBER">
      <value>
        <option name="FOREGROUND" value="f99157" />
      </value>
    </option>
    <option name="COFFEESCRIPT.OBJECT_KEY">
      <value>
        <option name="FOREGROUND" value="6699cc" />
      </value>
    </option>
    <option name="COFFEESCRIPT.OPERATIONS">
      <value>
        <option name="FOREGROUND" value="66cccc" />
      </value>
    </option>
    <option name="COFFEESCRIPT.PROTOTYPE">
      <value>
        <option name="FOREGROUND" value="66cccc" />
      </value>
    </option>
    <option name="COFFEESCRIPT.REGULAR_EXPRESSION_CONTENT">
      <value>
        <option name="FOREGROUND" value="f2777a" />
      </value>
    </option>
    <option name="COFFEESCRIPT.REGULAR_EXPRESSION_FLAG">
      <value>
        <option name="FOREGROUND" value="f99157" />
        <option name="FONT_TYPE" value="1" />
      </value>
    </option>
    <option name="COFFEESCRIPT.REGULAR_EXPRESSION_ID">
      <value>
        <option name="FOREGROUND" value="f2777a" />
        <option name="FONT_TYPE" value="1" />
      </value>
    </option>
    <option name="COFFEESCRIPT.STRING">
      <value>
        <option name="FOREGROUND" value="99cc99" />
      </value>
    </option>
    <option name="COFFEESCRIPT.STRING_LITERAL">
      <value>
        <option name="FOREGROUND" value="99cc99" />
        <option name="FONT_TYPE" value="1" />
      </value>
    </option>
    <option name="COFFEESCRIPT.THIS">
      <value>
        <option name="FOREGROUND" value="66cccc" />
        <option name="FONT_TYPE" value="1" />
      </value>
    </option>
    <option name="CONDITIONALLY_NOT_COMPILED">
      <value>
        <option name="FOREGROUND" value="999999" />
        <option name="EFFECT_TYPE" value="-1" />
      </value>
    </option>
    <option name="CONSOLE_BLUE_OUTPUT">
      <value>
        <option name="FOREGROUND" value="6699cc" />
      </value>
    </option>
    <option name="CONSOLE_CYAN_OUTPUT">
      <value>
        <option name="FOREGROUND" value="66cccc" />
      </value>
    </option>
    <option name="CONSOLE_ERROR_OUTPUT">
      <value>
        <option name="FOREGROUND" value="f2777a" />
      </value>
    </option>
    <option name="CONSOLE_GRAY_OUTPUT">
      <value>
        <option name="FOREGROUND" value="999999" />
      </value>
    </option>
    <option name="CONSOLE_GREEN_OUTPUT">
      <value>
        <option name="FOREGROUND" value="99cc99" />
      </value>
    </option>
    <option name="CONSOLE_MAGENTA_OUTPUT">
      <value>
        <option name="FOREGROUND" value="cc99cc" />
      </value>
    </option>
    <option name="CONSOLE_NORMAL_OUTPUT">
      <value>
        <option name="FOREGROUND" value="cccccc" />
      </value>
    </option>
    <option name="CONSOLE_RED_OUTPUT">
      <value>
        <option name="FOREGROUND" value="f2777a" />
      </value>
    </option>
    <option name="CONSOLE_SYSTEM_OUTPUT">
      <value>
        <option name="FOREGROUND" value="6699cc" />
      </value>
    </option>
    <option name="CONSOLE_USER_INPUT">
      <value>
        <option name="FOREGROUND" value="99cc99" />
        <option name="FONT_TYPE" value="2" />
      </value>
    </option>
    <option name="CONSOLE_YELLOW_OUTPUT">
      <value>
        <option name="FOREGROUND" value="ffcc66" />
      </value>
    </option>
    <option name="CPP.BLOCK_COMMENT">
      <value>
        <option name="FOREGROUND" value="999999" />
        <option name="FONT_TYPE" value="2" />
      </value>
    </option>
    <option name="CPP.CONSTANT">
      <value>
        <option name="FOREGROUND" value="f99157" />
        <option name="FONT_TYPE" value="2" />
      </value>
    </option>
    <option name="CPP.DOT">
      <value>
        <option name="FOREGROUND" value="66cccc" />
      </value>
    </option>
    <option name="CPP.FIELD">
      <value>
        <option name="FOREGROUND" value="6699cc" />
        <option name="FONT_TYPE" value="2" />
      </value>
    </option>
    <option name="CPP.FUNCTION">
      <value>
        <option name="FOREGROUND" value="6699cc" />
      </value>
    </option>
    <option name="CPP.KEYWORD">
      <value>
        <option name="FOREGROUND" value="cc99cc" />
        <option name="FONT_TYPE" value="1" />
      </value>
    </option>
    <option name="CPP.LABEL">
      <value>
        <option name="FOREGROUND" value="ffcc66" />
      </value>
    </option>
    <option name="CPP.LINE_COMMENT">
      <value>
        <option name="FOREGROUND" value="999999" />
        <option name="FONT_TYPE" value="2" />
      </value>
    </option>
    <option name="CPP.MACROS">
      <value>
        <option name="FOREGROUND" value="f2777a" />
      </value>
    </option>
    <option name="CPP.METHOD">
      <value>
        <option name="FOREGROUND" value="6699cc" />
        <option name="FONT_TYPE" value="2" />
      </value>
    </option>
    <option name="CPP.NAMESPACE">
      <value>
        <option name="FOREGROUND" value="ffcc66" />
        <option name="FONT_TYPE" value="1" />
      </value>
    </option>
    <option name="CPP.NUMBER">
      <value>
        <option name="FOREGROUND" value="f99157" />
      </value>
    </option>
    <option name="CPP.OPERATION_SIGN">
      <value>
        <option name="FOREGROUND" value="66cccc" />
      </value>
    </option>
    <option name="CPP.PARAMETER">
      <value>
        <option name="FOREGROUND" value="f99157" />
        <option name="EFFECT_TYPE" value="1" />
      </value>
    </option>
    <option name="CPP.PP_ARG">
      <value>
        <option name="FOREGROUND" value="f99157" />
      </value>
    </option>
    <option name="CPP.PP_SKIPPED">
      <value>
        <option name="FOREGROUND" value="f2777a" />
        <option name="FONT_TYPE" value="2" />
      </value>
    </option>
    <option name="CPP.STATIC">
      <value>
        <option name="FOREGROUND" value="6699cc" />
        <option name="FONT_TYPE" value="3" />
      </value>
    </option>
    <option name="CPP.STATIC_FUNCTION">
      <value>
        <option name="FOREGROUND" value="6699cc" />
        <option name="FONT_TYPE" value="3" />
      </value>
    </option>
    <option name="CPP.STRING">
      <value>
        <option name="FOREGROUND" value="99cc99" />
        <option name="FONT_TYPE" value="1" />
      </value>
    </option>
    <option name="CPP.TYPE">
      <value>
        <option name="FOREGROUND" value="f2777a" />
      </value>
    </option>
    <option name="CPP.UNUSED">
      <value>
        <option name="EFFECT_TYPE" value="3" />
      </value>
    </option>
    <option name="CSS.COLOR">
      <value>
        <option name="FOREGROUND" value="cccccc" />
      </value>
    </option>
    <option name="CSS.COMMENT">
      <value>
        <option name="FOREGROUND" value="999999" />
        <option name="FONT_TYPE" value="2" />
      </value>
    </option>
    <option name="CSS.FUNCTION">
      <value>
        <option name="FOREGROUND" value="99cc99" />
      </value>
    </option>
    <option name="CSS.IDENT">
      <value>
        <option name="FOREGROUND" value="6699cc" />
      </value>
    </option>
    <option name="CSS.IMPORTANT">
      <value>
        <option name="FOREGROUND" value="f2777a" />
      </value>
    </option>
    <option name="CSS.KEYWORD">
      <value>
        <option name="FOREGROUND" value="f2777a" />
        <option name="EFFECT_TYPE" value="1" />
      </value>
    </option>
    <option name="CSS.NUMBER">
      <value>
        <option name="FOREGROUND" value="f99157" />
      </value>
    </option>
    <option name="CSS.PROPERTY_NAME">
      <value>
        <option name="FOREGROUND" value="cc99cc" />
      </value>
    </option>
    <option name="CSS.PROPERTY_VALUE">
      <value />
    </option>
    <option name="CSS.STRING">
      <value>
        <option name="FOREGROUND" value="b5bd6b" />
      </value>
    </option>
    <option name="CSS.TAG_NAME">
      <value>
        <option name="FOREGROUND" value="ffcc66" />
      </value>
    </option>
    <option name="CSS.URL">
      <value>
        <option name="FOREGROUND" value="ffcc66" />
      </value>
    </option>
    <option name="CUSTOM_INVALID_STRING_ESCAPE_ATTRIBUTES">
      <value>
        <option name="FOREGROUND" value="ffffff" />
        <option name="BACKGROUND" value="f2777a" />
      </value>
    </option>
    <option name="CUSTOM_KEYWORD1_ATTRIBUTES">
      <value>
        <option name="FOREGROUND" value="cc99cc" />
        <option name="FONT_TYPE" value="1" />
      </value>
    </option>
    <option name="CUSTOM_KEYWORD2_ATTRIBUTES">
      <value>
        <option name="FOREGROUND" value="cc99cc" />
        <option name="FONT_TYPE" value="1" />
      </value>
    </option>
    <option name="CUSTOM_KEYWORD3_ATTRIBUTES">
      <value>
        <option name="FOREGROUND" value="cc99cc" />
        <option name="FONT_TYPE" value="1" />
      </value>
    </option>
    <option name="CUSTOM_KEYWORD4_ATTRIBUTES">
      <value>
        <option name="FOREGROUND" value="cc99cc" />
        <option name="FONT_TYPE" value="1" />
      </value>
    </option>
    <option name="CUSTOM_LINE_COMMENT_ATTRIBUTES">
      <value>
        <option name="FOREGROUND" value="999999" />
        <option name="FONT_TYPE" value="2" />
      </value>
    </option>
    <option name="CUSTOM_MULTI_LINE_COMMENT_ATTRIBUTES">
      <value>
        <option name="FOREGROUND" value="999999" />
        <option name="FONT_TYPE" value="2" />
      </value>
    </option>
    <option name="CUSTOM_NUMBER_ATTRIBUTES">
      <value>
        <option name="FOREGROUND" value="f99157" />
      </value>
    </option>
    <option name="CUSTOM_STRING_ATTRIBUTES">
      <value>
        <option name="FOREGROUND" value="b5bd6b" />
        <option name="FONT_TYPE" value="1" />
      </value>
    </option>
    <option name="CUSTOM_VALID_STRING_ESCAPE_ATTRIBUTES">
      <value>
        <option name="FOREGROUND" value="f99157" />
        <option name="FONT_TYPE" value="1" />
      </value>
    </option>
    <option name="DEFAULT_KEYWORD">
      <value>
        <option name="FOREGROUND" value="6699cc" />
        <option name="FONT_TYPE" value="1" />
      </value>
    </option>
    <option name="DEFAULT_NUMBER">
      <value>
        <option name="FOREGROUND" value="f99157" />
      </value>
    </option>
    <option name="DEFAULT_STRING">
      <value>
        <option name="FOREGROUND" value="ffcc66" />
      </value>
    </option>
    <option name="DEFAULT_VALID_STRING_ESCAPE">
      <value>
        <option name="FOREGROUND" value="f99157" />
        <option name="FONT_TYPE" value="1" />
      </value>
    </option>
    <option name="DEPRECATED_ATTRIBUTES">
      <value>
        <option name="EFFECT_COLOR" value="ffffff" />
        <option name="EFFECT_TYPE" value="3" />
      </value>
    </option>
    <option name="DIFF_CONFLICT">
      <value>
        <option name="BACKGROUND" value="f2777a" />
        <option name="ERROR_STRIPE_COLOR" value="ff0000" />
      </value>
    </option>
    <option name="DIFF_DELETED">
      <value>
        <option name="BACKGROUND" value="666967" />
        <option name="ERROR_STRIPE_COLOR" value="0" />
      </value>
    </option>
    <option name="DIFF_INSERTED">
      <value>
        <option name="BACKGROUND" value="99cc99" />
        <option name="ERROR_STRIPE_COLOR" value="ff00" />
      </value>
    </option>
    <option name="DIFF_MODIFIED">
      <value>
        <option name="BACKGROUND" value="4b5d69" />
        <option name="ERROR_STRIPE_COLOR" value="ff" />
      </value>
    </option>
    <option name="DJANGO_COMMENT">
      <value>
        <option name="FOREGROUND" value="999999" />
        <option name="FONT_TYPE" value="2" />
      </value>
    </option>
    <option name="DJANGO_FILTER">
      <value>
        <option name="FOREGROUND" value="66cccc" />
      </value>
    </option>
    <option name="DJANGO_ID">
      <value>
        <option name="FOREGROUND" value="f2777a" />
        <option name="FONT_TYPE" value="1" />
      </value>
    </option>
    <option name="DJANGO_KEYWORD">
      <value>
        <option name="FOREGROUND" value="cc99cc" />
        <option name="FONT_TYPE" value="1" />
      </value>
    </option>
    <option name="DJANGO_NUMBER">
      <value>
        <option name="FOREGROUND" value="f99157" />
      </value>
    </option>
    <option name="DJANGO_STRING_LITERAL">
      <value>
        <option name="FOREGROUND" value="99cc99" />
        <option name="FONT_TYPE" value="1" />
      </value>
    </option>
    <option name="DJANGO_TAG_NAME">
      <value>
        <option name="FOREGROUND" value="6699cc" />
        <option name="FONT_TYPE" value="1" />
      </value>
    </option>
    <option name="DUPLICATE_FROM_SERVER">
      <value>
        <option name="EFFECT_COLOR" value="99cc99" />
        <option name="EFFECT_TYPE" value="2" />
        <option name="ERROR_STRIPE_COLOR" value="808000" />
      </value>
    </option>
    <option name="EL.BOUNDS">
      <value>
        <option name="FONT_TYPE" value="1" />
      </value>
    </option>
    <option name="EL.IDENT">
      <value>
        <option name="FOREGROUND" value="6699cc" />
      </value>
    </option>
    <option name="EL.KEYWORD">
      <value>
        <option name="FOREGROUND" value="cc99cc" />
        <option name="FONT_TYPE" value="1" />
      </value>
    </option>
    <option name="EL.NUMBER">
      <value>
        <option name="FOREGROUND" value="f99157" />
      </value>
    </option>
    <option name="EL.STRING">
      <value>
        <option name="FOREGROUND" value="99cc99" />
        <option name="FONT_TYPE" value="1" />
      </value>
    </option>
    <option name="EL_BACKGROUND">
      <value />
    </option>
    <option name="ENUM_CONST">
      <value>
        <option name="FOREGROUND" value="ffcc66" />
        <option name="FONT_TYPE" value="1" />
        <option name="EFFECT_TYPE" value="-1" />
      </value>
    </option>
    <option name="ERRORS_ATTRIBUTES">
      <value>
        <option name="FOREGROUND" value="ffffff" />
        <option name="BACKGROUND" value="f2777a" />
        <option name="EFFECT_TYPE" value="2" />
        <option name="ERROR_STRIPE_COLOR" value="ff0000" />
      </value>
    </option>
    <option name="EXECUTIONPOINT_ATTRIBUTES">
      <value>
        <option name="FOREGROUND" value="ffffff" />
        <option name="BACKGROUND" value="6699cc" />
      </value>
    </option>
    <option name="FOLDED_TEXT_ATTRIBUTES">
      <value>
        <option name="BACKGROUND" value="18191a" />
        <option name="FONT_TYPE" value="1" />
        <option name="EFFECT_TYPE" value="1" />
      </value>
    </option>
    <option name="FOLLOWED_HYPERLINK_ATTRIBUTES">
      <value>
        <option name="FOREGROUND" value="f2777a" />
        <option name="FONT_TYPE" value="2" />
        <option name="EFFECT_COLOR" value="f2777a" />
        <option name="EFFECT_TYPE" value="5" />
      </value>
    </option>
    <option name="GENERIC_SERVER_ERROR_OR_WARNING">
      <value>
        <option name="EFFECT_COLOR" value="f99157" />
        <option name="EFFECT_TYPE" value="2" />
        <option name="ERROR_STRIPE_COLOR" value="f49810" />
      </value>
    </option>
    <option name="GHERKIN_COMMENT">
      <value>
        <option name="FOREGROUND" value="999999" />
        <option name="FONT_TYPE" value="2" />
      </value>
    </option>
    <option name="GHERKIN_KEYWORD">
      <value>
        <option name="FOREGROUND" value="6699cc" />
      </value>
    </option>
    <option name="GHERKIN_OUTLINE_PARAMETER_SUBSTITUTION">
      <value>
        <option name="FOREGROUND" value="f99157" />
      </value>
    </option>
    <option name="GHERKIN_PYSTRING">
      <value>
        <option name="FOREGROUND" value="ffcc66" />
      </value>
    </option>
    <option name="GHERKIN_REGEXP_PARAMETER">
      <value>
        <option name="FOREGROUND" value="cc99cc" />
      </value>
    </option>
    <option name="GHERKIN_TABLE_CELL">
      <value />
    </option>
    <option name="GHERKIN_TABLE_HEADER_CELL">
      <value>
        <option name="FONT_TYPE" value="1" />
      </value>
    </option>
    <option name="GHERKIN_TABLE_PIPE">
      <value>
        <option name="FOREGROUND" value="66cccc" />
        <option name="FONT_TYPE" value="1" />
      </value>
    </option>
    <option name="GHERKIN_TAG">
      <value>
        <option name="FOREGROUND" value="99cc99" />
      </value>
    </option>
    <option name="GQL_ID">
      <value>
        <option name="FOREGROUND" value="6699cc" />
      </value>
    </option>
    <option name="GQL_INT_LITERAL">
      <value>
        <option name="FOREGROUND" value="f99157" />
      </value>
    </option>
    <option name="GQL_KEYWORD">
      <value>
        <option name="FOREGROUND" value="cc99cc" />
        <option name="FONT_TYPE" value="1" />
      </value>
    </option>
    <option name="GQL_STRING_LITERAL">
      <value>
        <option name="FOREGROUND" value="99cc99" />
        <option name="FONT_TYPE" value="1" />
      </value>
    </option>
    <option name="HAML_CLASS">
      <value>
        <option name="FOREGROUND" value="99cc99" />
      </value>
    </option>
    <option name="HAML_FILTER">
      <value>
        <option name="FOREGROUND" value="f2777a" />
      </value>
    </option>
    <option name="HAML_FILTER_CONTENT">
      <value>
        <option name="BACKGROUND" value="18191a" />
        <option name="FONT_TYPE" value="2" />
      </value>
    </option>
    <option name="HAML_ID">
      <value>
        <option name="FOREGROUND" value="66cccc" />
      </value>
    </option>
    <option name="HAML_RUBY_CODE">
      <value>
        <option name="FOREGROUND" value="ffcc66" />
      </value>
    </option>
    <option name="HAML_RUBY_START">
      <value>
        <option name="FOREGROUND" value="cccccc" />
      </value>
    </option>
    <option name="HAML_STRING">
      <value>
        <option name="FOREGROUND" value="ffcc66" />
      </value>
    </option>
    <option name="HAML_STRING_INTERPOLATED">
      <value>
        <option name="FOREGROUND" value="ffcc66" />
      </value>
    </option>
    <option name="HAML_TAG">
      <value>
        <option name="FOREGROUND" value="cc99cc" />
      </value>
    </option>
    <option name="HAML_TAG_NAME">
      <value>
        <option name="FOREGROUND" value="6699cc" />
      </value>
    </option>
    <option name="HAML_XHTML">
      <value>
        <option name="FOREGROUND" value="ffcc66" />
        <option name="FONT_TYPE" value="2" />
      </value>
    </option>
    <option name="HANDLEBARS.COMMENTS">
      <value>
        <option name="FOREGROUND" value="999999" />
        <option name="FONT_TYPE" value="2" />
      </value>
    </option>
    <option name="HANDLEBARS.IDENTIFIERS">
      <value>
        <option name="FOREGROUND" value="6699cc" />
        <option name="FONT_TYPE" value="1" />
      </value>
    </option>
    <option name="HANDLEBARS.OPERATORS">
      <value>
        <option name="FOREGROUND" value="66cccc" />
      </value>
    </option>
    <option name="HANDLEBARS.STRINGS">
      <value>
        <option name="FOREGROUND" value="99cc99" />
        <option name="FONT_TYPE" value="1" />
      </value>
    </option>
    <option name="HANDLEBARS.VALUES">
      <value>
        <option name="FOREGROUND" value="f99157" />
      </value>
    </option>
    <option name="HTML_ATTRIBUTE_NAME">
      <value>
        <option name="FOREGROUND" value="6699cc" />
      </value>
    </option>
    <option name="HTML_ATTRIBUTE_VALUE">
      <value>
        <option name="FOREGROUND" value="ffcc66" />
      </value>
    </option>
    <option name="HTML_COMMENT">
      <value>
        <option name="FOREGROUND" value="999999" />
        <option name="FONT_TYPE" value="2" />
      </value>
    </option>
    <option name="HTML_ENTITY_REFERENCE">
      <value>
        <option name="FOREGROUND" value="f99157" />
      </value>
    </option>
    <option name="HTML_TAG">
      <value>
        <option name="FOREGROUND" value="6699cc" />
      </value>
    </option>
    <option name="HTML_TAG_NAME">
      <value>
        <option name="FOREGROUND" value="6699cc" />
      </value>
    </option>
    <option name="HYPERLINK_ATTRIBUTES">
      <value>
        <option name="FOREGROUND" value="f2777a" />
        <option name="FONT_TYPE" value="2" />
        <option name="EFFECT_COLOR" value="f2777a" />
        <option name="EFFECT_TYPE" value="1" />
      </value>
    </option>
    <option name="IDENTIFIER_UNDER_CARET_ATTRIBUTES">
      <value>
        <option name="EFFECT_COLOR" value="cccccc" />
      </value>
    </option>
    <option name="IMPLICIT_ANONYMOUS_CLASS_PARAMETER_ATTRIBUTES">
      <value>
        <option name="FOREGROUND" value="6699cc" />
      </value>
    </option>
    <option name="INJECTED_LANGUAGE_FRAGMENT">
      <value>
        <option name="FOREGROUND" value="f2777a" />
      </value>
    </option>
    <option name="INSTANCE_FIELD_ATTRIBUTES">
      <value>
        <option name="FOREGROUND" value="6699cc" />
        <option name="FONT_TYPE" value="1" />
      </value>
    </option>
    <option name="INTERFACE_NAME_ATTRIBUTES">
      <value>
        <option name="FOREGROUND" value="ffcc66" />
      </value>
    </option>
    <option name="IVAR">
      <value>
        <option name="FONT_TYPE" value="1" />
        <option name="EFFECT_TYPE" value="-1" />
      </value>
    </option>
    <option name="JAVA_BLOCK_COMMENT">
      <value>
        <option name="FOREGROUND" value="999999" />
        <option name="FONT_TYPE" value="2" />
      </value>
    </option>
    <option name="JAVA_DOC_COMMENT">
      <value>
        <option name="FOREGROUND" value="999999" />
        <option name="FONT_TYPE" value="2" />
      </value>
    </option>
    <option name="JAVA_DOC_MARKUP">
      <value>
        <option name="FONT_TYPE" value="1" />
      </value>
    </option>
    <option name="JAVA_DOC_TAG">
      <value>
        <option name="FONT_TYPE" value="1" />
        <option name="EFFECT_TYPE" value="1" />
      </value>
    </option>
    <option name="JAVA_INVALID_STRING_ESCAPE">
      <value>
        <option name="FOREGROUND" value="ffffff" />
        <option name="BACKGROUND" value="f2777a" />
        <option name="FONT_TYPE" value="1" />
      </value>
    </option>
    <option name="JAVA_KEYWORD">
      <value>
        <option name="FOREGROUND" value="cc99cc" />
        <option name="FONT_TYPE" value="1" />
      </value>
    </option>
    <option name="JAVA_LINE_COMMENT">
      <value>
        <option name="FOREGROUND" value="999999" />
        <option name="FONT_TYPE" value="2" />
      </value>
    </option>
    <option name="JAVA_NUMBER">
      <value>
        <option name="FOREGROUND" value="f99157" />
      </value>
    </option>
    <option name="JAVA_OPERATION_SIGN">
      <value>
        <option name="FOREGROUND" value="66cccc" />
      </value>
    </option>
    <option name="JAVA_STRING">
      <value>
        <option name="FOREGROUND" value="99cc99" />
        <option name="FONT_TYPE" value="1" />
      </value>
    </option>
    <option name="JAVA_VALID_STRING_ESCAPE">
      <value>
        <option name="FOREGROUND" value="f99157" />
        <option name="FONT_TYPE" value="1" />
      </value>
    </option>
    <option name="JS.ATTRIBUTE">
      <value>
        <option name="BACKGROUND" value="515151" />
        <option name="EFFECT_TYPE" value="-1" />
      </value>
    </option>
    <option name="JS.BADCHARACTER">
      <value>
        <option name="FOREGROUND" value="ffffff" />
        <option name="BACKGROUND" value="f2777a" />
        <option name="EFFECT_TYPE" value="2" />
        <option name="ERROR_STRIPE_COLOR" value="ff0000" />
      </value>
    </option>
    <option name="JS.BLOCK_COMMENT">
      <value>
        <option name="FOREGROUND" value="969696" />
        <option name="FONT_TYPE" value="2" />
      </value>
    </option>
    <option name="JS.DOC_COMMENT">
      <value>
        <option name="FOREGROUND" value="969696" />
        <option name="FONT_TYPE" value="2" />
      </value>
    </option>
    <option name="JS.DOC_MARKUP">
      <value>
        <option name="FONT_TYPE" value="1" />
      </value>
    </option>
    <option name="JS.DOC_TAG">
      <value>
        <option name="FONT_TYPE" value="1" />
        <option name="EFFECT_TYPE" value="1" />
      </value>
    </option>
    <option name="JS.GLOBAL_FUNCTION">
      <value>
        <option name="FOREGROUND" value="ffcc66" />
      </value>
    </option>
    <option name="JS.GLOBAL_VARIABLE">
      <value>
        <option name="FOREGROUND" value="f2777a" />
      </value>
    </option>
    <option name="JS.INSTANCE_MEMBER_FUNCTION">
      <value>
        <option name="FOREGROUND" value="6699cc" />
        <option name="EFFECT_TYPE" value="-1" />
      </value>
    </option>
    <option name="JS.INSTANCE_MEMBER_VARIABLE">
      <value>
        <option name="FOREGROUND" value="6699cc" />
        <option name="FONT_TYPE" value="1" />
      </value>
    </option>
    <option name="JS.INVALID_STRING_ESCAPE">
      <value>
        <option name="FOREGROUND" value="f99157" />
        <option name="EFFECT_COLOR" value="f2777a" />
        <option name="EFFECT_TYPE" value="2" />
      </value>
    </option>
    <option name="JS.KEYWORD">
      <value>
        <option name="FOREGROUND" value="cc99cc" />
      </value>
    </option>
    <option name="JS.LINE_COMMENT">
      <value>
        <option name="FOREGROUND" value="969696" />
        <option name="FONT_TYPE" value="2" />
      </value>
    </option>
    <option name="JS.LOCAL_VARIABLE">
      <value>
        <option name="EFFECT_TYPE" value="-1" />
      </value>
    </option>
    <option name="JS.NUMBER">
      <value>
        <option name="FOREGROUND" value="f99157" />
      </value>
    </option>
    <option name="JS.OPERATION_SIGN">
      <value>
        <option name="FOREGROUND" value="66cccc" />
      </value>
    </option>
    <option name="JS.PARAMETER">
      <value>
        <option name="FOREGROUND" value="f99157" />
        <option name="EFFECT_TYPE" value="1" />
      </value>
    </option>
    <option name="JS.REGEXP">
      <value>
        <option name="FOREGROUND" value="f2777a" />
        <option name="EFFECT_TYPE" value="-1" />
      </value>
    </option>
    <option name="JS.STATIC_MEMBER_FUNCTION">
      <value>
        <option name="FOREGROUND" value="6699cc" />
        <option name="FONT_TYPE" value="2" />
      </value>
    </option>
    <option name="JS.STATIC_MEMBER_VARIABLE">
      <value>
        <option name="FOREGROUND" value="6699cc" />
        <option name="FONT_TYPE" value="3" />
      </value>
    </option>
    <option name="JS.STRING">
      <value>
        <option name="FOREGROUND" value="99cc99" />
      </value>
    </option>
    <option name="JS.VALID_STRING_ESCAPE">
      <value>
        <option name="FOREGROUND" value="f99157" />
        <option name="FONT_TYPE" value="1" />
      </value>
    </option>
    <option name="JSP_ATTRIBUTE_NAME">
      <value>
        <option name="FOREGROUND" value="6699cc" />
      </value>
    </option>
    <option name="JSP_ATTRIBUTE_VALUE">
      <value>
        <option name="FOREGROUND" value="99cc99" />
      </value>
    </option>
    <option name="JSP_COMMENT">
      <value>
        <option name="FOREGROUND" value="999999" />
        <option name="FONT_TYPE" value="2" />
      </value>
    </option>
    <option name="JSP_DIRECTIVE_BACKGROUND">
      <value />
    </option>
    <option name="JSP_DIRECTIVE_NAME">
      <value>
        <option name="FOREGROUND" value="f2777a" />
        <option name="FONT_TYPE" value="1" />
      </value>
    </option>
    <option name="JSP_SCRIPTING_BACKGROUND">
      <value />
    </option>
    <option name="LABEL">
      <value>
        <option name="FOREGROUND" value="999999" />
        <option name="FONT_TYPE" value="2" />
        <option name="EFFECT_TYPE" value="-1" />
      </value>
    </option>
    <option name="LESS_INJECTED_CODE">
      <value>
        <option name="FOREGROUND" value="ffcc66" />
      </value>
    </option>
    <option name="LESS_JS_CODE_DELIM">
      <value>
        <option name="FOREGROUND" value="f2777a" />
        <option name="FONT_TYPE" value="1" />
      </value>
    </option>
    <option name="LESS_KEYWORD">
      <value>
        <option name="FOREGROUND" value="99cc99" />
      </value>
    </option>
    <option name="LESS_VARIABLE">
      <value>
        <option name="FOREGROUND" value="cc99cc" />
      </value>
    </option>
    <option name="LINE_FULL_COVERAGE">
      <value>
        <option name="FOREGROUND" value="ffff00" />
        <option name="BACKGROUND" value="ffff00" />
        <option name="FONT_TYPE" value="1" />
      </value>
    </option>
    <option name="LINE_NONE_COVERAGE">
      <value>
        <option name="FOREGROUND" value="ff00ff" />
        <option name="BACKGROUND" value="ff00ff" />
        <option name="FONT_TYPE" value="1" />
      </value>
    </option>
    <option name="LINE_PARTIAL_COVERAGE">
      <value>
        <option name="FOREGROUND" value="800080" />
        <option name="BACKGROUND" value="800080" />
        <option name="FONT_TYPE" value="1" />
      </value>
    </option>
    <option name="LOCALE.LINE_COMMENT">
      <value>
        <option name="FOREGROUND" value="999999" />
        <option name="FONT_TYPE" value="2" />
      </value>
    </option>
    <option name="LOCALE.MSGCTXT_KEYWORD">
      <value>
        <option name="FOREGROUND" value="66cccc" />
        <option name="FONT_TYPE" value="1" />
      </value>
    </option>
    <option name="LOCALE.MSGID_KEYWORD">
      <value>
        <option name="FOREGROUND" value="cc99cc" />
        <option name="FONT_TYPE" value="1" />
      </value>
    </option>
    <option name="LOCALE.MSGID_PLURAL_KEYWORD">
      <value>
        <option name="FOREGROUND" value="cc99cc" />
        <option name="FONT_TYPE" value="1" />
      </value>
    </option>
    <option name="LOCALE.MSGSTR_KEYWORD">
      <value>
        <option name="FOREGROUND" value="6699cc" />
        <option name="FONT_TYPE" value="1" />
      </value>
    </option>
    <option name="LOCALE.MSGSTR_PLURAL_KEYWORD">
      <value>
        <option name="FOREGROUND" value="6699cc" />
        <option name="FONT_TYPE" value="1" />
      </value>
    </option>
    <option name="LOCALE.STRING_LITERAL">
      <value>
        <option name="FOREGROUND" value="99cc99" />
        <option name="FONT_TYPE" value="1" />
      </value>
    </option>
    <option name="MACRONAME">
      <value>
        <option name="FOREGROUND" value="6699cc" />
        <option name="FONT_TYPE" value="1" />
        <option name="EFFECT_TYPE" value="-1" />
      </value>
    </option>
    <option name="MATCHED_BRACE_ATTRIBUTES">
      <value>
        <option name="FOREGROUND" value="ffffff" />
        <option name="BACKGROUND" value="515151" />
      </value>
    </option>
    <option name="MESSAGE_ARGUMENT">
      <value>
        <option name="EFFECT_TYPE" value="-1" />
      </value>
    </option>
    <option name="METHOD_CALL_ATTRIBUTES">
      <value>
        <option name="FOREGROUND" value="6699cc" />
      </value>
    </option>
    <option name="METHOD_DECLARATION_ATTRIBUTES">
      <value>
        <option name="FOREGROUND" value="6699cc" />
      </value>
    </option>
    <option name="NOT_USED_ELEMENT_ATTRIBUTES">
      <value>
        <option name="EFFECT_COLOR" value="999999" />
        <option name="EFFECT_TYPE" value="2" />
      </value>
    </option>
    <option name="OC.BLOCK_COMMENT">
      <value>
        <option name="FOREGROUND" value="999999" />
        <option name="FONT_TYPE" value="2" />
      </value>
    </option>
    <option name="OC.CPP_KEYWORD">
      <value>
        <option name="FOREGROUND" value="cc99cc" />
        <option name="FONT_TYPE" value="1" />
      </value>
    </option>
    <option name="OC.DIRECTIVE">
      <value>
        <option name="FOREGROUND" value="cc99cc" />
        <option name="FONT_TYPE" value="1" />
        <option name="EFFECT_TYPE" value="-1" />
      </value>
    </option>
    <option name="OC.KEYWORD">
      <value>
        <option name="FOREGROUND" value="cc99cc" />
        <option name="FONT_TYPE" value="1" />
      </value>
    </option>
    <option name="OC.LINE_COMMENT">
      <value>
        <option name="FOREGROUND" value="999999" />
        <option name="FONT_TYPE" value="2" />
      </value>
    </option>
    <option name="OC.NUMBER">
      <value>
        <option name="FOREGROUND" value="f99157" />
      </value>
    </option>
    <option name="OC.PROPERTY">
      <value>
        <option name="EFFECT_TYPE" value="-1" />
      </value>
    </option>
    <option name="OC.SELFSUPERTHIS">
      <value>
        <option name="FOREGROUND" value="f2777a" />
        <option name="FONT_TYPE" value="1" />
      </value>
    </option>
    <option name="OC.STRING">
      <value>
        <option name="FOREGROUND" value="99cc99" />
        <option name="FONT_TYPE" value="1" />
      </value>
    </option>
    <option name="OC.STRUCT_FIELD">
      <value>
        <option name="EFFECT_TYPE" value="-1" />
      </value>
    </option>
    <option name="OC_FORMAT_TOKEN">
      <value>
        <option name="FOREGROUND" value="6699cc" />
        <option name="FONT_TYPE" value="1" />
      </value>
    </option>
    <option name="PARAMETER_ATTRIBUTES">
      <value>
        <option name="FOREGROUND" value="f99157" />
      </value>
    </option>
    <option name="PHP_BAD_CHARACTER">
      <value>
        <option name="FOREGROUND" value="ffffff" />
        <option name="BACKGROUND" value="f2777a" />
        <option name="EFFECT_TYPE" value="2" />
        <option name="ERROR_STRIPE_COLOR" value="ff0000" />
      </value>
    </option>
    <option name="PHP_COMMENT">
      <value>
        <option name="FOREGROUND" value="999999" />
        <option name="FONT_TYPE" value="2" />
      </value>
    </option>
    <option name="PHP_CONSTANT">
      <value>
        <option name="FOREGROUND" value="f99157" />
        <option name="FONT_TYPE" value="2" />
      </value>
    </option>
    <option name="PHP_DOC_COMMENT_ID">
      <value>
        <option name="FOREGROUND" value="999999" />
        <option name="FONT_TYPE" value="2" />
      </value>
    </option>
    <option name="PHP_DOC_TAG">
      <value>
        <option name="FONT_TYPE" value="1" />
        <option name="EFFECT_TYPE" value="1" />
      </value>
    </option>
    <option name="PHP_ESCAPE_SEQUENCE">
      <value>
        <option name="FOREGROUND" value="f99157" />
        <option name="FONT_TYPE" value="1" />
      </value>
    </option>
    <option name="PHP_EXEC_COMMAND_ID">
      <value>
        <option name="FOREGROUND" value="66cccc" />
        <option name="FONT_TYPE" value="1" />
      </value>
    </option>
    <option name="PHP_HEREDOC_CONTENT">
      <value />
    </option>
    <option name="PHP_HEREDOC_ID">
      <value>
        <option name="FOREGROUND" value="ffcc66" />
        <option name="FONT_TYPE" value="1" />
        <option name="EFFECT_TYPE" value="1" />
      </value>
    </option>
    <option name="PHP_IDENTIFIER">
      <value>
        <option name="FOREGROUND" value="6699cc" />
      </value>
    </option>
    <option name="PHP_KEYWORD">
      <value>
        <option name="FOREGROUND" value="cc99cc" />
        <option name="FONT_TYPE" value="1" />
      </value>
    </option>
    <option name="PHP_MARKUP_ID">
      <value />
    </option>
    <option name="PHP_NUMBER">
      <value>
        <option name="FOREGROUND" value="f99157" />
      </value>
    </option>
    <option name="PHP_OPERATION_SIGN">
      <value>
        <option name="FOREGROUND" value="66cccc" />
      </value>
    </option>
    <option name="PHP_PREDEFINED SYMBOL">
      <value>
        <option name="FOREGROUND" value="6699cc" />
        <option name="FONT_TYPE" value="2" />
      </value>
    </option>
    <option name="PHP_SCRIPTING_BACKGROUND">
      <value />
    </option>
    <option name="PHP_STRING">
      <value>
        <option name="FOREGROUND" value="99cc99" />
        <option name="FONT_TYPE" value="1" />
      </value>
    </option>
    <option name="PHP_TAG">
      <value>
        <option name="FOREGROUND" value="f99157" />
        <option name="FONT_TYPE" value="1" />
      </value>
    </option>
    <option name="PHP_VAR">
      <value>
        <option name="FOREGROUND" value="f2777a" />
      </value>
    </option>
    <option name="PRE.KEYWORD">
      <value>
        <option name="FONT_TYPE" value="1" />
      </value>
    </option>
    <option name="PROPERTIES.INVALID_STRING_ESCAPE">
      <value>
        <option name="FOREGROUND" value="ffffff" />
        <option name="BACKGROUND" value="f2777a" />
      </value>
    </option>
    <option name="PROPERTIES.KEY">
      <value>
        <option name="FOREGROUND" value="cc99cc" />
        <option name="FONT_TYPE" value="1" />
        <option name="EFFECT_TYPE" value="1" />
      </value>
    </option>
    <option name="PROPERTIES.KEY_VALUE_SEPARATOR">
      <value>
        <option name="FOREGROUND" value="66cccc" />
      </value>
    </option>
    <option name="PROPERTIES.LINE_COMMENT">
      <value>
        <option name="FOREGROUND" value="969696" />
        <option name="FONT_TYPE" value="2" />
      </value>
    </option>
    <option name="PROPERTIES.VALID_STRING_ESCAPE">
      <value>
        <option name="FOREGROUND" value="f99157" />
        <option name="FONT_TYPE" value="1" />
      </value>
    </option>
    <option name="PROPERTIES.VALUE">
      <value>
        <option name="FONT_TYPE" value="1" />
      </value>
    </option>
    <option name="PROTOCOL_REFERENCE">
      <value>
        <option name="FOREGROUND" value="ffcc66" />
        <option name="EFFECT_TYPE" value="-1" />
      </value>
    </option>
    <option name="PUPPET_ESCAPE_SEQUENCE">
      <value>
        <option name="FOREGROUND" value="f2777a" />
      </value>
    </option>
    <option name="PUPPET_KEYWORD">
      <value>
        <option name="FOREGROUND" value="cc99cc" />
      </value>
    </option>
    <option name="PUPPET_NUMBER">
      <value>
        <option name="FOREGROUND" value="f99157" />
      </value>
    </option>
    <option name="PUPPET_RESOURCE_REFERENCE">
      <value>
        <option name="FOREGROUND" value="f99157" />
      </value>
    </option>
    <option name="PUPPET_SQ_STRING">
      <value>
        <option name="FOREGROUND" value="ffcc66" />
      </value>
    </option>
    <option name="PUPPET_STRING">
      <value>
        <option name="FOREGROUND" value="ffcc66" />
      </value>
    </option>
    <option name="PUPPET_VARIABLE">
      <value>
        <option name="FOREGROUND" value="6699cc" />
      </value>
    </option>
    <option name="PUPPET_VARIABLE_INTERPOLATION">
      <value>
        <option name="FOREGROUND" value="6699cc" />
      </value>
    </option>
    <option name="PUPPET_VARIABLE_INTERPOLATION_TAGS">
      <value>
        <option name="FOREGROUND" value="6699cc" />
      </value>
    </option>
    <option name="PY.BUILTIN_NAME">
      <value>
        <option name="FOREGROUND" value="6699cc" />
        <option name="EFFECT_TYPE" value="-1" />
      </value>
    </option>
    <option name="PY.CLASS_DEFINITION">
      <value>
        <option name="FOREGROUND" value="ffcc66" />
        <option name="FONT_TYPE" value="1" />
        <option name="EFFECT_TYPE" value="-1" />
      </value>
    </option>
    <option name="PY.DECORATOR">
      <value>
        <option name="FOREGROUND" value="f2777a" />
        <option name="EFFECT_TYPE" value="-1" />
      </value>
    </option>
    <option name="PY.DOC_COMMENT">
      <value>
        <option name="FOREGROUND" value="999999" />
        <option name="FONT_TYPE" value="2" />
      </value>
    </option>
    <option name="PY.DOC_COMMENT_TAG">
      <value>
        <option name="FONT_TYPE" value="1" />
        <option name="EFFECT_TYPE" value="1" />
      </value>
    </option>
    <option name="PY.FUNC_DEFINITION">
      <value>
        <option name="FOREGROUND" value="6699cc" />
        <option name="FONT_TYPE" value="1" />
        <option name="EFFECT_TYPE" value="-1" />
      </value>
    </option>
    <option name="PY.INVALID_STRING_ESCAPE">
      <value>
        <option name="FOREGROUND" value="ffffff" />
        <option name="BACKGROUND" value="f2777a" />
      </value>
    </option>
    <option name="PY.KEYWORD">
      <value>
        <option name="FOREGROUND" value="cc99cc" />
        <option name="FONT_TYPE" value="1" />
      </value>
    </option>
    <option name="PY.LINE_COMMENT">
      <value>
        <option name="FOREGROUND" value="999999" />
        <option name="FONT_TYPE" value="2" />
      </value>
    </option>
    <option name="PY.NUMBER">
      <value>
        <option name="FOREGROUND" value="f99157" />
      </value>
    </option>
    <option name="PY.OPERATION_SIGN">
      <value>
        <option name="FOREGROUND" value="66cccc" />
      </value>
    </option>
    <option name="PY.PREDEFINED_DEFINITION">
      <value>
        <option name="FOREGROUND" value="6699cc" />
        <option name="FONT_TYPE" value="1" />
        <option name="EFFECT_TYPE" value="-1" />
      </value>
    </option>
    <option name="PY.PREDEFINED_USAGE">
      <value>
        <option name="FOREGROUND" value="f99157" />
        <option name="EFFECT_TYPE" value="-1" />
      </value>
    </option>
    <option name="PY.STRING">
      <value>
        <option name="FOREGROUND" value="99cc99" />
        <option name="FONT_TYPE" value="1" />
      </value>
    </option>
    <option name="PY.VALID_STRING_ESCAPE">
      <value>
        <option name="FOREGROUND" value="f99157" />
        <option name="FONT_TYPE" value="1" />
      </value>
    </option>
    <option name="QL_ATTRIBUTE">
      <value>
        <option name="FOREGROUND" value="f2777a" />
        <option name="FONT_TYPE" value="1" />
      </value>
    </option>
    <option name="QL_DATETIME">
      <value>
        <option name="FOREGROUND" value="f99157" />
      </value>
    </option>
    <option name="QL_ENTITY">
      <value>
        <option name="FOREGROUND" value="ffcc66" />
      </value>
    </option>
    <option name="QL_ID_VARIABLE">
      <value>
        <option name="FOREGROUND" value="6699cc" />
      </value>
    </option>
    <option name="QL_KEYWORD">
      <value>
        <option name="FOREGROUND" value="cc99cc" />
        <option name="FONT_TYPE" value="1" />
      </value>
    </option>
    <option name="QL_NUMBER">
      <value>
        <option name="FOREGROUND" value="f99157" />
      </value>
    </option>
    <option name="QL_OPERATION_SIGN">
      <value>
        <option name="FOREGROUND" value="66cccc" />
      </value>
    </option>
    <option name="QL_PARAMETER">
      <value>
        <option name="FOREGROUND" value="f99157" />
      </value>
    </option>
    <option name="QL_STRING">
      <value>
        <option name="FOREGROUND" value="99cc99" />
        <option name="FONT_TYPE" value="1" />
      </value>
    </option>
    <option name="REASSIGNED_LOCAL_VARIABLE_ATTRIBUTES">
      <value>
        <option name="FOREGROUND" value="f2777a" />
      </value>
    </option>
    <option name="REASSIGNED_PARAMETER_ATTRIBUTES">
      <value>
        <option name="FOREGROUND" value="f99157" />
      </value>
    </option>
    <option name="REGEXP.BAD_CHARACTER">
      <value>
        <option name="FOREGROUND" value="ffffff" />
        <option name="BACKGROUND" value="f2777a" />
      </value>
    </option>
    <option name="REGEXP.CHAR_CLASS">
      <value>
        <option name="FOREGROUND" value="f99157" />
        <option name="FONT_TYPE" value="1" />
      </value>
    </option>
    <option name="REGEXP.COMMENT">
      <value>
        <option name="FOREGROUND" value="969898" />
        <option name="FONT_TYPE" value="2" />
      </value>
    </option>
    <option name="REGEXP.ESC_CHARACTER">
      <value>
        <option name="FOREGROUND" value="f99157" />
        <option name="FONT_TYPE" value="1" />
      </value>
    </option>
    <option name="REGEXP.INVALID_STRING_ESCAPE">
      <value>
        <option name="FOREGROUND" value="ffffff" />
        <option name="BACKGROUND" value="f2777a" />
      </value>
    </option>
    <option name="REGEXP.META">
      <value>
        <option name="FOREGROUND" value="66cccc" />
        <option name="FONT_TYPE" value="1" />
      </value>
    </option>
    <option name="REGEXP.QUOTE_CHARACTER">
      <value>
        <option name="FOREGROUND" value="f99157" />
        <option name="FONT_TYPE" value="1" />
      </value>
    </option>
    <option name="REGEXP.REDUNDANT_ESCAPE">
      <value>
        <option name="FOREGROUND" value="ffffff" />
        <option name="BACKGROUND" value="6699cc" />
        <option name="FONT_TYPE" value="1" />
      </value>
    </option>
    <option name="REST.BOLD">
      <value>
        <option name="FONT_TYPE" value="1" />
        <option name="EFFECT_TYPE" value="-1" />
      </value>
    </option>
    <option name="REST.EXPLICIT">
      <value>
        <option name="FOREGROUND" value="cc99cc" />
        <option name="FONT_TYPE" value="1" />
      </value>
    </option>
    <option name="REST.FIELD">
      <value>
        <option name="FOREGROUND" value="6699cc" />
        <option name="FONT_TYPE" value="1" />
      </value>
    </option>
    <option name="REST.FIXED">
      <value>
        <option name="FOREGROUND" value="99cc99" />
        <option name="EFFECT_TYPE" value="-1" />
      </value>
    </option>
    <option name="REST.INLINE">
      <value>
        <option name="FOREGROUND" value="66cccc" />
        <option name="EFFECT_TYPE" value="-1" />
      </value>
    </option>
    <option name="REST.INTERPRETED">
      <value>
        <option name="FOREGROUND" value="f2777a" />
        <option name="EFFECT_TYPE" value="-1" />
      </value>
    </option>
    <option name="REST.ITALIC">
      <value>
        <option name="FONT_TYPE" value="2" />
        <option name="EFFECT_TYPE" value="-1" />
      </value>
    </option>
    <option name="REST.LINE_COMMENT">
      <value>
        <option name="FOREGROUND" value="999999" />
        <option name="FONT_TYPE" value="2" />
      </value>
    </option>
    <option name="REST.REF.NAME">
      <value>
        <option name="FOREGROUND" value="f99157" />
        <option name="FONT_TYPE" value="1" />
      </value>
    </option>
    <option name="REST.SECTION.HEADER">
      <value>
        <option name="FOREGROUND" value="ffcc66" />
      </value>
    </option>
    <option name="RHTML_COMMENT_ID">
      <value>
        <option name="FOREGROUND" value="999999" />
        <option name="FONT_TYPE" value="2" />
      </value>
    </option>
    <option name="RHTML_EXPRESSION_END_ID">
      <value />
    </option>
    <option name="RHTML_EXPRESSION_START_ID">
      <value />
    </option>
    <option name="RHTML_OMIT_NEW_LINE_ID">
      <value>
        <option name="FOREGROUND" value="f2777a" />
        <option name="FONT_TYPE" value="1" />
      </value>
    </option>
    <option name="RHTML_SCRIPTING_BACKGROUND_ID">
      <value />
    </option>
    <option name="RHTML_SCRIPTLET_END_ID">
      <value />
    </option>
    <option name="RHTML_SCRIPTLET_START_ID">
      <value>
        <option name="FONT_TYPE" value="1" />
      </value>
    </option>
    <option name="RUBY_BAD_CHARACTER">
      <value>
        <option name="FOREGROUND" value="ffffff" />
        <option name="BACKGROUND" value="f2777a" />
      </value>
    </option>
    <option name="RUBY_COMMA">
      <value />
    </option>
    <option name="RUBY_COMMENT">
      <value>
        <option name="FOREGROUND" value="999999" />
        <option name="FONT_TYPE" value="2" />
      </value>
    </option>
    <option name="RUBY_CONSTANT">
      <value>
        <option name="FOREGROUND" value="ffcc66" />
      </value>
    </option>
    <option name="RUBY_CONSTANT_DECLARATION">
      <value>
        <option name="FOREGROUND" value="ffcc66" />
      </value>
    </option>
    <option name="RUBY_CVAR">
      <value>
        <option name="FOREGROUND" value="f2777a" />
      </value>
    </option>
    <option name="RUBY_ESCAPE_SEQUENCE">
      <value>
        <option name="FOREGROUND" value="f99157" />
        <option name="FONT_TYPE" value="1" />
      </value>
    </option>
    <option name="RUBY_EXPR_IN_STRING">
      <value>
        <option name="FOREGROUND" value="f99157" />
      </value>
    </option>
    <option name="RUBY_GVAR">
      <value>
        <option name="FOREGROUND" value="f2777a" />
      </value>
    </option>
    <option name="RUBY_HASH_ASSOC">
      <value>
        <option name="FOREGROUND" value="cccccc" />
      </value>
    </option>
    <option name="RUBY_HEREDOC_CONTENT">
      <value>
        <option name="FONT_TYPE" value="1" />
      </value>
    </option>
    <option name="RUBY_HEREDOC_ID">
      <value>
        <option name="FOREGROUND" value="ffcc66" />
        <option name="FONT_TYPE" value="1" />
        <option name="EFFECT_TYPE" value="1" />
      </value>
    </option>
    <option name="RUBY_IDENTIFIER">
      <value>
        <option name="FOREGROUND" value="cccccc" />
      </value>
    </option>
    <option name="RUBY_INTERPOLATED_STRING">
      <value>
        <option name="FOREGROUND" value="ffcc66" />
      </value>
    </option>
    <option name="RUBY_INVALID_ESCAPE_SEQUENCE">
      <value>
        <option name="FOREGROUND" value="ffffff" />
        <option name="BACKGROUND" value="f2777a" />
      </value>
    </option>
    <option name="RUBY_IVAR">
      <value>
        <option name="FOREGROUND" value="f2777a" />
      </value>
    </option>
    <option name="RUBY_KEYWORD">
      <value>
        <option name="FOREGROUND" value="cc99cc" />
      </value>
    </option>
    <option name="RUBY_LINE_CONTINUATION">
      <value>
        <option name="FOREGROUND" value="ffffff" />
      </value>
    </option>
    <option name="RUBY_LOCAL_VAR_ID">
      <value />
    </option>
    <option name="RUBY_METHOD_NAME">
      <value>
        <option name="FOREGROUND" value="6699cc" />
      </value>
    </option>
    <option name="RUBY_NTH_REF">
      <value>
        <option name="FOREGROUND" value="f2777a" />
      </value>
    </option>
    <option name="RUBY_NUMBER">
      <value>
        <option name="FOREGROUND" value="f99157" />
      </value>
    </option>
    <option name="RUBY_OPERATION_SIGN">
      <value>
        <option name="FOREGROUND" value="cccccc" />
      </value>
    </option>
    <option name="RUBY_PARAMDEF_CALL">
      <value>
        <option name="FOREGROUND" value="6699cc" />
      </value>
    </option>
    <option name="RUBY_PARAMETER_ID">
      <value>
        <option name="FOREGROUND" value="f99157" />
      </value>
    </option>
    <option name="RUBY_REGEXP">
      <value>
        <option name="FOREGROUND" value="f99157" />
        <option name="FONT_TYPE" value="1" />
      </value>
    </option>
    <option name="RUBY_SEMICOLON">
      <value />
    </option>
    <option name="RUBY_SPECIFIC_CALL">
      <value>
        <option name="FOREGROUND" value="6699cc" />
      </value>
    </option>
    <option name="RUBY_STRING">
      <value>
        <option name="FOREGROUND" value="ffcc66" />
      </value>
    </option>
    <option name="RUBY_SYMBOL">
      <value>
        <option name="FOREGROUND" value="99cc99" />
      </value>
    </option>
    <option name="RUBY_WORDS">
      <value>
        <option name="FOREGROUND" value="66cccc" />
        <option name="FONT_TYPE" value="2" />
      </value>
    </option>
    <option name="SASS_ATTRIBUTE">
      <value>
        <option name="FOREGROUND" value="6699cc" />
      </value>
    </option>
    <option name="SASS_COMMENT">
      <value>
        <option name="FOREGROUND" value="999999" />
        <option name="FONT_TYPE" value="2" />
      </value>
    </option>
    <option name="SASS_CONSTANT">
      <value>
        <option name="FOREGROUND" value="f99157" />
        <option name="FONT_TYPE" value="1" />
      </value>
    </option>
    <option name="SASS_DIRECTIVE">
      <value>
        <option name="FOREGROUND" value="cc99cc" />
        <option name="FONT_TYPE" value="1" />
      </value>
    </option>
    <option name="SASS_MIXIN">
      <value>
        <option name="FOREGROUND" value="66cccc" />
      </value>
    </option>
    <option name="SASS_NUMBER">
      <value>
        <option name="FOREGROUND" value="f99157" />
      </value>
    </option>
    <option name="SASS_PROPERTY_NAME">
      <value>
        <option name="FOREGROUND" value="99cc99" />
      </value>
    </option>
    <option name="SASS_PROPERTY_VALUE">
      <value>
        <option name="FOREGROUND" value="cccccc" />
      </value>
    </option>
    <option name="SASS_RULE">
      <value>
        <option name="FOREGROUND" value="cc99cc" />
        <option name="FONT_TYPE" value="1" />
      </value>
    </option>
    <option name="SASS_STRING">
      <value>
        <option name="FOREGROUND" value="ffcc66" />
      </value>
    </option>
    <option name="SASS_VARIABLE">
      <value>
        <option name="FOREGROUND" value="cc99cc" />
      </value>
    </option>
    <option name="SCOPE_KEY_All">
      <value />
    </option>
    <option name="SCOPE_KEY_Changed Files">
      <value />
    </option>
    <option name="SCOPE_KEY_Default">
      <value />
    </option>
    <option name="SCOPE_KEY_Ignore">
      <value />
    </option>
    <option name="SCOPE_KEY_Non-Project Files">
      <value />
    </option>
    <option name="SCOPE_KEY_Problems">
      <value />
    </option>
    <option name="SCOPE_KEY_Production">
      <value />
    </option>
    <option name="SCOPE_KEY_Project Files">
      <value />
    </option>
    <option name="SCOPE_KEY_Tests">
      <value />
    </option>
    <option name="SEARCH_RESULT_ATTRIBUTES">
      <value>
        <option name="FOREGROUND" value="0" />
        <option name="BACKGROUND" value="ffcc66" />
      </value>
    </option>
    <option name="SLIM_CALL">
      <value>
        <option name="FOREGROUND" value="66cccc" />
      </value>
    </option>
    <option name="SLIM_CLASS">
      <value>
        <option name="FOREGROUND" value="ffcc66" />
      </value>
    </option>
    <option name="SLIM_COMMENT">
      <value>
        <option name="FOREGROUND" value="999999" />
      </value>
    </option>
    <option name="SLIM_DOCTYPE_KWD">
      <value>
        <option name="FOREGROUND" value="6699cc" />
      </value>
    </option>
    <option name="SLIM_FILTER">
      <value>
        <option name="FOREGROUND" value="f2777a" />
      </value>
    </option>
    <option name="SLIM_FILTER_CONTENT">
      <value>
        <option name="FOREGROUND" value="a9b7c6" />
        <option name="FONT_TYPE" value="2" />
        <option name="EFFECT_TYPE" value="5" />
      </value>
    </option>
    <option name="SLIM_ID">
      <value>
        <option name="FOREGROUND" value="ffcc66" />
      </value>
    </option>
    <option name="SLIM_INTERPOLATION">
      <value>
        <option name="FOREGROUND" value="99cc99" />
      </value>
    </option>
    <option name="SLIM_RUBY_CODE">
      <value>
        <option name="FOREGROUND" value="99cc99" />
        <option name="EFFECT_TYPE" value="5" />
      </value>
    </option>
    <option name="SLIM_STRING_INTERPOLATED">
      <value>
        <option name="FOREGROUND" value="cccccc" />
      </value>
    </option>
    <option name="SLIM_TAG">
      <value>
        <option name="FOREGROUND" value="6699cc" />
      </value>
    </option>
    <option name="SLIM_TAG_ATTR_KEY">
      <value>
        <option name="FOREGROUND" value="ffcc66" />
      </value>
    </option>
    <option name="SMARTY_BACKGROUND">
      <value />
    </option>
    <option name="SMARTY_BAD_CHARACTER">
      <value>
        <option name="FOREGROUND" value="ffffff" />
        <option name="BACKGROUND" value="f2777a" />
        <option name="EFFECT_TYPE" value="2" />
        <option name="ERROR_STRIPE_COLOR" value="ff0000" />
      </value>
    </option>
    <option name="SMARTY_COMMENT">
      <value>
        <option name="FOREGROUND" value="999999" />
        <option name="FONT_TYPE" value="2" />
      </value>
    </option>
    <option name="SMARTY_IDENTIFIER">
      <value>
        <option name="FOREGROUND" value="6699cc" />
      </value>
    </option>
    <option name="SMARTY_KEYWORD">
      <value>
        <option name="FOREGROUND" value="cc99cc" />
        <option name="FONT_TYPE" value="1" />
      </value>
    </option>
    <option name="SMARTY_NUMBER">
      <value>
        <option name="FOREGROUND" value="f99157" />
      </value>
    </option>
    <option name="SMARTY_OPERATION_SIGN">
      <value>
        <option name="FOREGROUND" value="66cccc" />
      </value>
    </option>
    <option name="SMARTY_STRING">
      <value>
        <option name="FOREGROUND" value="99cc99" />
        <option name="FONT_TYPE" value="1" />
      </value>
    </option>
    <option name="SQL_COLUMN">
      <value>
        <option name="FOREGROUND" value="f2777a" />
      </value>
    </option>
    <option name="SQL_COMMENT">
      <value>
        <option name="FOREGROUND" value="999999" />
        <option name="FONT_TYPE" value="2" />
      </value>
    </option>
    <option name="SQL_KEYWORD">
      <value>
        <option name="FOREGROUND" value="cc99cc" />
      </value>
    </option>
    <option name="SQL_LOCAL_ALIAS">
      <value>
        <option name="FOREGROUND" value="f99157" />
      </value>
    </option>
    <option name="SQL_NUMBER">
      <value>
        <option name="FOREGROUND" value="f99157" />
      </value>
    </option>
    <option name="SQL_PARAMETER">
      <value>
        <option name="FOREGROUND" value="f99157" />
      </value>
    </option>
    <option name="SQL_SCHEMA">
      <value>
        <option name="FOREGROUND" value="ffcc66" />
      </value>
    </option>
    <option name="SQL_STRING">
      <value>
        <option name="FOREGROUND" value="99cc99" />
      </value>
    </option>
    <option name="SQL_TABLE">
      <value>
        <option name="FOREGROUND" value="6699cc" />
      </value>
    </option>
    <option name="STATIC_FIELD_ATTRIBUTES">
      <value>
        <option name="FOREGROUND" value="6699cc" />
        <option name="FONT_TYPE" value="3" />
      </value>
    </option>
    <option name="STATIC_METHOD_ATTRIBUTES">
      <value>
        <option name="FOREGROUND" value="6699cc" />
        <option name="FONT_TYPE" value="2" />
      </value>
    </option>
    <option name="STRUCT_LIKE">
      <value>
        <option name="FOREGROUND" value="ffcc66" />
        <option name="EFFECT_TYPE" value="-1" />
      </value>
    </option>
    <option name="Scala Abstract class">
      <value>
        <option name="FOREGROUND" value="ffcc66" />
      </value>
    </option>
    <option name="Scala Annotation name">
      <value>
        <option name="FOREGROUND" value="f2777a" />
        <option name="EFFECT_TYPE" value="1" />
      </value>
    </option>
    <option name="Scala Assign">
      <value>
        <option name="FOREGROUND" value="66cccc" />
      </value>
    </option>
    <option name="Scala Bad character">
      <value>
        <option name="FOREGROUND" value="ffffff" />
        <option name="BACKGROUND" value="f2777a" />
      </value>
    </option>
    <option name="Scala Block comment">
      <value>
        <option name="FOREGROUND" value="999999" />
        <option name="FONT_TYPE" value="2" />
      </value>
    </option>
    <option name="Scala Class">
      <value>
        <option name="FOREGROUND" value="ffcc66" />
      </value>
    </option>
    <option name="Scala Class method call">
      <value>
        <option name="FOREGROUND" value="6699cc" />
      </value>
    </option>
    <option name="Scala Dot">
      <value>
        <option name="FOREGROUND" value="66cccc" />
      </value>
    </option>
    <option name="Scala Invalid escape in string">
      <value>
        <option name="FOREGROUND" value="ffffff" />
        <option name="BACKGROUND" value="f2777a" />
      </value>
    </option>
    <option name="Scala Keyword">
      <value>
        <option name="FOREGROUND" value="cc99cc" />
        <option name="FONT_TYPE" value="1" />
      </value>
    </option>
    <option name="Scala Line comment">
      <value>
        <option name="FOREGROUND" value="999999" />
        <option name="FONT_TYPE" value="2" />
      </value>
    </option>
    <option name="Scala Local method call">
      <value>
        <option name="FOREGROUND" value="6699cc" />
      </value>
    </option>
    <option name="Scala Method declaration">
      <value>
        <option name="FOREGROUND" value="6699cc" />
      </value>
    </option>
    <option name="Scala Number">
      <value>
        <option name="FOREGROUND" value="f99157" />
      </value>
    </option>
    <option name="Scala Object method call">
      <value>
        <option name="FOREGROUND" value="6699cc" />
        <option name="FONT_TYPE" value="2" />
      </value>
    </option>
    <option name="Scala Parameter">
      <value>
        <option name="FOREGROUND" value="f99157" />
      </value>
    </option>
    <option name="Scala Predefined types">
      <value>
        <option name="FOREGROUND" value="66cccc" />
      </value>
    </option>
    <option name="Scala String">
      <value>
        <option name="FOREGROUND" value="99cc99" />
        <option name="FONT_TYPE" value="1" />
      </value>
    </option>
    <option name="Scala Template lazy val/var">
      <value>
        <option name="FONT_TYPE" value="3" />
      </value>
    </option>
    <option name="Scala Template val">
      <value>
        <option name="FONT_TYPE" value="3" />
      </value>
    </option>
    <option name="Scala Template var">
      <value>
        <option name="FONT_TYPE" value="3" />
      </value>
    </option>
    <option name="Scala Type parameter">
      <value>
        <option name="FOREGROUND" value="f99157" />
      </value>
    </option>
    <option name="Scala Valid escape in string">
      <value>
        <option name="FOREGROUND" value="f99157" />
        <option name="FONT_TYPE" value="1" />
      </value>
    </option>
    <option name="ScalaDoc comment">
      <value>
        <option name="FOREGROUND" value="999999" />
        <option name="FONT_TYPE" value="2" />
      </value>
    </option>
    <option name="ScalaDoc comment tag">
      <value>
        <option name="FONT_TYPE" value="1" />
        <option name="EFFECT_TYPE" value="1" />
      </value>
    </option>
    <option name="TEMPLATE_VARIABLE_ATTRIBUTES">
      <value>
        <option name="FOREGROUND" value="f2777a" />
        <option name="FONT_TYPE" value="3" />
      </value>
    </option>
    <option name="TEXT">
      <value>
        <option name="FOREGROUND" value="cccccc" />
        <option name="BACKGROUND" value="2d2d2d" />
      </value>
    </option>
    <option name="TEXT_SEARCH_RESULT_ATTRIBUTES">
      <value>
        <option name="FOREGROUND" value="0" />
        <option name="BACKGROUND" value="ffcc66" />
        <option name="ERROR_STRIPE_COLOR" value="ffff00" />
      </value>
    </option>
    <option name="TODO_DEFAULT_ATTRIBUTES">
      <value>
        <option name="FOREGROUND" value="ffffff" />
        <option name="FONT_TYPE" value="3" />
      </value>
    </option>
    <option name="TWIG_BACKGROUND">
      <value />
    </option>
    <option name="TWIG_BAD_CHARACTER">
      <value>
        <option name="EFFECT_COLOR" value="ff0000" />
        <option name="EFFECT_TYPE" value="2" />
      </value>
    </option>
    <option name="TWIG_COMMENT">
      <value>
        <option name="FOREGROUND" value="999999" />
        <option name="FONT_TYPE" value="2" />
      </value>
    </option>
    <option name="TWIG_IDENTIFIER">
      <value>
        <option name="FOREGROUND" value="6699cc" />
      </value>
    </option>
    <option name="TWIG_KEYWORD">
      <value>
        <option name="FOREGROUND" value="cc99cc" />
        <option name="FONT_TYPE" value="1" />
      </value>
    </option>
    <option name="TWIG_NUMBER">
      <value>
        <option name="FOREGROUND" value="f99157" />
      </value>
    </option>
    <option name="TWIG_OPERATION_SIGN">
      <value>
        <option name="FOREGROUND" value="66cccc" />
      </value>
    </option>
    <option name="TWIG_STRING">
      <value>
        <option name="FOREGROUND" value="99cc99" />
        <option name="FONT_TYPE" value="1" />
      </value>
    </option>
    <option name="TYPEDEF">
      <value>
        <option name="FOREGROUND" value="ffcc66" />
        <option name="EFFECT_TYPE" value="-1" />
      </value>
    </option>
    <option name="TYPE_PARAMETER_NAME_ATTRIBUTES">
      <value>
        <option name="FOREGROUND" value="f99157" />
      </value>
    </option>
    <option name="TYPO">
      <value>
        <option name="EFFECT_COLOR" value="f2777a" />
        <option name="EFFECT_TYPE" value="2" />
      </value>
    </option>
    <option name="UNMATCHED_BRACE_ATTRIBUTES">
      <value>
        <option name="FOREGROUND" value="f2777a" />
        <option name="BACKGROUND" value="515151" />
      </value>
    </option>
    <option name="VELOCITY_BAD_CHARACTER">
      <value>
        <option name="EFFECT_COLOR" value="ff0000" />
        <option name="EFFECT_TYPE" value="2" />
      </value>
    </option>
    <option name="VELOCITY_COMMENT">
      <value>
        <option name="FOREGROUND" value="969696" />
        <option name="FONT_TYPE" value="2" />
      </value>
    </option>
    <option name="VELOCITY_DIRECTIVE">
      <value>
        <option name="FOREGROUND" value="cc99cc" />
        <option name="FONT_TYPE" value="1" />
      </value>
    </option>
    <option name="VELOCITY_ESCAPE">
      <value>
        <option name="FOREGROUND" value="ff0000" />
        <option name="FONT_TYPE" value="1" />
      </value>
    </option>
    <option name="VELOCITY_KEYWORD">
      <value>
        <option name="FOREGROUND" value="6699cc" />
        <option name="FONT_TYPE" value="1" />
      </value>
    </option>
    <option name="VELOCITY_NUMBER">
      <value>
        <option name="FOREGROUND" value="f99157" />
      </value>
    </option>
    <option name="VELOCITY_OPERATION_SIGN">
      <value>
        <option name="FOREGROUND" value="66cccc" />
      </value>
    </option>
    <option name="VELOCITY_REFERENCE">
      <value>
        <option name="FOREGROUND" value="f2777a" />
      </value>
    </option>
    <option name="VELOCITY_SCRIPTING_BACKGROUND">
      <value>
        <option name="BACKGROUND" value="1b1c1d" />
      </value>
    </option>
    <option name="VELOCITY_STRING">
      <value>
        <option name="FOREGROUND" value="99cc99" />
      </value>
    </option>
    <option name="WARNING_ATTRIBUTES">
      <value>
        <option name="EFFECT_COLOR" value="ffcc66" />
        <option name="EFFECT_TYPE" value="2" />
        <option name="ERROR_STRIPE_COLOR" value="ffff00" />
      </value>
    </option>
    <option name="WRITE_IDENTIFIER_UNDER_CARET_ATTRIBUTES">
      <value>
        <option name="EFFECT_COLOR" value="999999" />
      </value>
    </option>
    <option name="WRITE_SEARCH_RESULT_ATTRIBUTES">
      <value>
        <option name="FOREGROUND" value="0" />
        <option name="BACKGROUND" value="f1c445" />
      </value>
    </option>
    <option name="WRONG_REFERENCES_ATTRIBUTES">
      <value>
        <option name="EFFECT_COLOR" value="66cccc" />
        <option name="EFFECT_TYPE" value="2" />
        <option name="ERROR_STRIPE_COLOR" value="ffff" />
      </value>
    </option>
    <option name="XML_ATTRIBUTE_NAME">
      <value>
        <option name="FOREGROUND" value="6699cc" />
      </value>
    </option>
    <option name="XML_ATTRIBUTE_VALUE">
      <value>
        <option name="FOREGROUND" value="b5bd6b" />
      </value>
    </option>
    <option name="XML_COMMENT">
      <value>
        <option name="FOREGROUND" value="969696" />
        <option name="FONT_TYPE" value="2" />
      </value>
    </option>
    <option name="XML_ENTITY_REFERENCE">
      <value>
        <option name="FOREGROUND" value="f99157" />
      </value>
    </option>
    <option name="XML_PROLOGUE">
      <value>
        <option name="FONT_TYPE" value="2" />
      </value>
    </option>
    <option name="XML_TAG">
      <value>
        <option name="FOREGROUND" value="cc99cc" />
      </value>
    </option>
    <option name="XML_TAG_NAME">
      <value>
        <option name="FOREGROUND" value="cc99cc" />
      </value>
    </option>
    <option name="XPATH.FUNCTION">
      <value>
        <option name="FOREGROUND" value="6699cc" />
        <option name="FONT_TYPE" value="2" />
      </value>
    </option>
    <option name="XPATH.KEYWORD">
      <value>
        <option name="FOREGROUND" value="cc99cc" />
        <option name="FONT_TYPE" value="1" />
      </value>
    </option>
    <option name="XPATH.NUMBER">
      <value>
        <option name="FOREGROUND" value="f99157" />
      </value>
    </option>
    <option name="XPATH.OPERATION_SIGN">
      <value>
        <option name="FOREGROUND" value="66cccc" />
      </value>
    </option>
    <option name="XPATH.STRING">
      <value>
        <option name="FOREGROUND" value="99cc99" />
      </value>
    </option>
    <option name="XPATH.XPATH_NAME">
      <value>
        <option name="FOREGROUND" value="ffcc66" />
      </value>
    </option>
    <option name="XPATH.XPATH_VARIABLE">
      <value>
        <option name="FOREGROUND" value="f2777a" />
        <option name="FONT_TYPE" value="1" />
      </value>
    </option>
    <option name="YAML_COMMENT">
      <value>
        <option name="FOREGROUND" value="999999" />
        <option name="FONT_TYPE" value="2" />
      </value>
    </option>
    <option name="YAML_SCALAR_DSTRING">
      <value>
        <option name="FOREGROUND" value="ffcc66" />
      </value>
    </option>
    <option name="YAML_SCALAR_KEY">
      <value>
        <option name="FOREGROUND" value="6699cc" />
      </value>
    </option>
    <option name="YAML_SCALAR_LIST">
      <value>
        <option name="FOREGROUND" value="f99157" />
      </value>
    </option>
    <option name="YAML_SCALAR_STRING">
      <value>
        <option name="FOREGROUND" value="ffcc66" />
      </value>
    </option>
    <option name="YAML_SCALAR_VALUE">
      <value>
        <option name="FOREGROUND" value="f99157" />
      </value>
    </option>
  </attributes>
</scheme>

