<?xml version="1.0" encoding="UTF-8"?>
<!--
 Copyright (C) 2009 tm2gtksw2(Alexandre da Silva)

 This file was generated from a textmate theme named Tomorrow
 with tm2gtksw2 tool. (Alexandre da Silva)

 This library is free software; you can redistribute it and/or
 modify it under the terms of the GNU Library General Public
 License as published by the Free Software Foundation; either
 version 2 of the License, or (at your option) any later version.

 This library is distributed in the hope that it will be useful,
 but WITHOUT ANY WARRANTY; without even the implied warranty of
 MERCHANTABILITY or FITNESS FOR A PARTICULAR PURPOSE.  See the GNU
 Library General Public License for more details.

 You should have received a copy of the GNU Library General Public
 License along with this library; if not, write to the
 Free Software Foundation, Inc., 59 Temple Place - Suite 330,
 Boston, MA 02111-1307, USA.
-->

<style-scheme id="tomorrow" _name="Tomorrow" version="1.0">
  <author>tm2gtksw2(Alexandre da Silva)</author>
  <_description>GMate Theme - Generated from textmate theme with tm2gtksw2</_description>

  <style name="bracket-match"  background="#efefef" bold="true"/>
  <style name="bracket-mismatch"  background="#efefef" underline="true"/>
  <style name="css:at-rules" foreground="#8959a8"/>
  <style name="css:color" foreground="#666969"/>
  <style name="css:keyword" foreground="#c99e00"/>
  <style name="current-line"  background="#efefef"/>
  <style name="cursor" foreground="#aeafad"/>
  <style name="def:base-n-integer" foreground="#f5871f"/>
  <style name="def:boolean" foreground="#f5871f"/>
  <style name="def:builtin" foreground="#f5871f"/>
  <style name="def:character" foreground="#f5871f"/>
  <style name="def:comment" foreground="#8e908c"/>
  <style name="def:complex" foreground="#f5871f"/>
  <style name="def:decimal" foreground="#f5871f"/>
  <style name="def:doc-comment" foreground="#8e908c"/>
  <style name="def:doc-comment-element" foreground="#8e908c"/>
  <style name="def:error" foreground="#ffffff" background="#c82829"/>
  <style name="def:floating-point" foreground="#f5871f"/>
  <style name="def:function" foreground="#4271ae"/>
  <style name="def:identifier" foreground="#c82829"/>
  <style name="def:keyword" foreground="#8959a8"/>
  <style name="def:note" foreground="#8e908c"/>
  <style name="def:number" foreground="#f5871f"/>
  <style name="def:operator" foreground="#3e999f"/>
  <style name="def:preprocessor" foreground="#f5871f"/>
  <style name="def:reserved" foreground="#8959a8"/>
  <style name="def:shebang" foreground="#8e908c"/>
  <style name="def:special-char" foreground="#f5871f"/>
  <style name="def:special-constant" foreground="#f5871f"/>
  <style name="def:statement" foreground="#8959a8"/>
  <style name="def:string" foreground="#718c00"/>
  <style name="def:type" foreground="#c99e00"/>
  <style name="draw-spaces" foreground="#d1d1d1"/>
  <style name="html:dtd" foreground="#718c00"/>
  <style name="html:tag" foreground="#c82829"/>
  <style name="js:function" foreground="#4271ae"/>
  <style name="line-numbers" foreground="#4d4d4c" background="#efefef"/>
  <style name="perl:builtin" foreground="#4271ae"/>
  <style name="perl:include-statement" foreground="#8959a8"/>
  <style name="perl:special-variable" foreground="#f5871f"/>
  <style name="perl:variable" foreground="#c82829"/>
  <style name="php:string" foreground="#718c00"/>
  <style name="python:builtin-constant" foreground="#8959a8"/>
  <style name="python:builtin-function" foreground="#4271ae"/>
  <style name="python:module-handler" foreground="#8959a8"/>
  <style name="python:special-variable" foreground="#8959a8"/>
  <style name="ruby:attribute-definition" foreground="#8959a8"/>
  <style name="ruby:builtin" foreground="#c82829"/>
  <style name="ruby:class-variable" foreground="#c82829"/>
  <style name="ruby:constant" foreground="#c82829"/>
  <style name="ruby:global-variable" foreground="#4271ae"/>
  <style name="ruby:instance-variable" foreground="#c82829"/>
  <style name="ruby:module-handler" foreground="#8959a8"/>
  <style name="ruby:predefined-variable" foreground="#f5871f"/>
  <style name="ruby:regex" foreground="#c82829"/>
  <style name="ruby:special-variable" foreground="#8959a8"/>
  <style name="ruby:symbol" foreground="#718c00"/>
  <style name="rubyonrails:attribute-definition" foreground="#8959a8"/>
  <style name="rubyonrails:block-parameter" foreground="#f5871f"/>
  <style name="rubyonrails:builtin" foreground="#c82829"/>
  <style name="rubyonrails:class-inherit" foreground="#718c00"/>
  <style name="rubyonrails:class-name" foreground="#c99e00"/>
  <style name="rubyonrails:class-variable" foreground="#c82829"/>
  <style name="rubyonrails:complex-interpolation" foreground="#f5871f"/>
  <style name="rubyonrails:constant" foreground="#c82829"/>
  <style name="rubyonrails:global-variable" foreground="#4271ae"/>
  <style name="rubyonrails:instance-variable" foreground="#c82829"/>
  <style name="rubyonrails:module-handler" foreground="#8959a8"/>
  <style name="rubyonrails:module-name" foreground="#c99e00"/>
  <style name="rubyonrails:predefined-variable" foreground="#f5871f"/>
  <style name="rubyonrails:rails" foreground="#c82829"/>
  <style name="rubyonrails:regex" foreground="#c82829"/>
  <style name="rubyonrails:simple-interpolation" foreground="#f5871f"/>
  <style name="rubyonrails:special-variable" foreground="#8959a8"/>
  <style name="rubyonrails:symbol" foreground="#718c00"/>
  <style name="search-match"  background="#efefef" bold="true" underline="true"/>
  <style name="selection" foreground="#4d4d4c" background="#d6d6d6"/>
  <style name="text" foreground="#4d4d4c" background="#ffffff"/>
  <style name="xml:attribute-name" foreground="#c82829"/>
  <style name="xml:doctype" foreground="#c82829"/>
  <style name="xml:element-name" foreground="#c82829"/>
  <style name="xml:namespace" foreground="#c82829"/>
  <style name="xml:tag" foreground="#c82829"/>
  

</style-scheme>

