<?xml version="1.0" encoding="UTF-8"?>
<!--
 Copyright (C) 2009 tm2gtksw2(Alexandre da Silva)

 This file was generated from a textmate theme named Tomorrow Night
 with tm2gtksw2 tool. (Alexandre da Silva)

 This library is free software; you can redistribute it and/or
 modify it under the terms of the GNU Library General Public
 License as published by the Free Software Foundation; either
 version 2 of the License, or (at your option) any later version.

 This library is distributed in the hope that it will be useful,
 but WITHOUT ANY WARRANTY; without even the implied warranty of
 MERCHANTABILITY or FITNESS FOR A PARTICULAR PURPOSE.  See the GNU
 Library General Public License for more details.

 You should have received a copy of the GNU Library General Public
 License along with this library; if not, write to the
 Free Software Foundation, Inc., 59 Temple Place - Suite 330,
 Boston, MA 02111-1307, USA.
-->

<style-scheme id="tomorrownight" _name="Tomorrow Night" version="1.0">
  <author>tm2gtksw2(Alexandre da Silva)</author>
  <_description>GMate Theme - Generated from textmate theme with tm2gtksw2</_description>

  <style name="bracket-match"  background="#282a2e" bold="true"/>
  <style name="bracket-mismatch"  background="#282a2e" underline="true"/>
  <style name="css:at-rules" foreground="#b294bb"/>
  <style name="css:color" foreground="#ced1cf"/>
  <style name="css:keyword" foreground="#f0c674"/>
  <style name="current-line"  background="#282a2e"/>
  <style name="cursor" foreground="#aeafad"/>
  <style name="def:base-n-integer" foreground="#de935f"/>
  <style name="def:boolean" foreground="#de935f"/>
  <style name="def:builtin" foreground="#de935f"/>
  <style name="def:character" foreground="#de935f"/>
  <style name="def:comment" foreground="#969896"/>
  <style name="def:complex" foreground="#de935f"/>
  <style name="def:decimal" foreground="#de935f"/>
  <style name="def:doc-comment" foreground="#969896"/>
  <style name="def:doc-comment-element" foreground="#969896"/>
  <style name="def:error" foreground="#ced2cf" background="#df5f5f"/>
  <style name="def:floating-point" foreground="#de935f"/>
  <style name="def:function" foreground="#81a2be"/>
  <style name="def:identifier" foreground="#cc6666"/>
  <style name="def:keyword" foreground="#b294bb"/>
  <style name="def:note" foreground="#969896"/>
  <style name="def:number" foreground="#de935f"/>
  <style name="def:operator" foreground="#8abeb7"/>
  <style name="def:preprocessor" foreground="#de935f"/>
  <style name="def:reserved" foreground="#b294bb"/>
  <style name="def:shebang" foreground="#969896"/>
  <style name="def:special-char" foreground="#de935f"/>
  <style name="def:special-constant" foreground="#de935f"/>
  <style name="def:statement" foreground="#b294bb"/>
  <style name="def:string" foreground="#b5bd68"/>
  <style name="def:type" foreground="#f0c674"/>
  <style name="draw-spaces" foreground="#4b4e55"/>
  <style name="html:dtd" foreground="#b5bd68"/>
  <style name="html:tag" foreground="#cc6666"/>
  <style name="js:function" foreground="#81a2be"/>
  <style name="line-numbers" foreground="#c5c8c6" background="#282a2e"/>
  <style name="perl:builtin" foreground="#81a2be"/>
  <style name="perl:include-statement" foreground="#b294bb"/>
  <style name="perl:special-variable" foreground="#de935f"/>
  <style name="perl:variable" foreground="#cc6666"/>
  <style name="php:string" foreground="#b5bd68"/>
  <style name="python:builtin-constant" foreground="#b294bb"/>
  <style name="python:builtin-function" foreground="#81a2be"/>
  <style name="python:module-handler" foreground="#b294bb"/>
  <style name="python:special-variable" foreground="#b294bb"/>
  <style name="ruby:attribute-definition" foreground="#b294bb"/>
  <style name="ruby:builtin" foreground="#cc6666"/>
  <style name="ruby:class-variable" foreground="#cc6666"/>
  <style name="ruby:constant" foreground="#cc6666"/>
  <style name="ruby:global-variable" foreground="#81a2be"/>
  <style name="ruby:instance-variable" foreground="#cc6666"/>
  <style name="ruby:module-handler" foreground="#b294bb"/>
  <style name="ruby:predefined-variable" foreground="#de935f"/>
  <style name="ruby:regex" foreground="#cc6666"/>
  <style name="ruby:special-variable" foreground="#b294bb"/>
  <style name="ruby:symbol" foreground="#b5bd68"/>
  <style name="rubyonrails:attribute-definition" foreground="#b294bb"/>
  <style name="rubyonrails:block-parameter" foreground="#de935f"/>
  <style name="rubyonrails:builtin" foreground="#cc6666"/>
  <style name="rubyonrails:class-inherit" foreground="#b5bd68"/>
  <style name="rubyonrails:class-name" foreground="#f0c674"/>
  <style name="rubyonrails:class-variable" foreground="#cc6666"/>
  <style name="rubyonrails:complex-interpolation" foreground="#de935f"/>
  <style name="rubyonrails:constant" foreground="#cc6666"/>
  <style name="rubyonrails:global-variable" foreground="#81a2be"/>
  <style name="rubyonrails:instance-variable" foreground="#cc6666"/>
  <style name="rubyonrails:module-handler" foreground="#b294bb"/>
  <style name="rubyonrails:module-name" foreground="#f0c674"/>
  <style name="rubyonrails:predefined-variable" foreground="#de935f"/>
  <style name="rubyonrails:rails" foreground="#cc6666"/>
  <style name="rubyonrails:regex" foreground="#cc6666"/>
  <style name="rubyonrails:simple-interpolation" foreground="#de935f"/>
  <style name="rubyonrails:special-variable" foreground="#b294bb"/>
  <style name="rubyonrails:symbol" foreground="#b5bd68"/>
  <style name="search-match"  background="#282a2e" bold="true" underline="true"/>
  <style name="selection" foreground="#c5c8c6" background="#373b41"/>
  <style name="text" foreground="#c5c8c6" background="#1d1f21"/>
  <style name="xml:attribute-name" foreground="#cc6666"/>
  <style name="xml:doctype" foreground="#cc6666"/>
  <style name="xml:element-name" foreground="#cc6666"/>
  <style name="xml:namespace" foreground="#cc6666"/>
  <style name="xml:tag" foreground="#cc6666"/>
  

</style-scheme>

