<?xml version="1.0" encoding="UTF-8"?>
<!--
 Copyright (C) 2009 tm2gtksw2(Alexandre da Silva)

 This file was generated from a textmate theme named Tomorrow Night - Bright
 with tm2gtksw2 tool. (Alexandre da Silva)

 This library is free software; you can redistribute it and/or
 modify it under the terms of the GNU Library General Public
 License as published by the Free Software Foundation; either
 version 2 of the License, or (at your option) any later version.

 This library is distributed in the hope that it will be useful,
 but WITHOUT ANY WARRANTY; without even the implied warranty of
 MERCHANTABILITY or FITNESS FOR A PARTICULAR PURPOSE.  See the GNU
 Library General Public License for more details.

 You should have received a copy of the GNU Library General Public
 License along with this library; if not, write to the
 Free Software Foundation, Inc., 59 Temple Place - Suite 330,
 Boston, MA 02111-1307, USA.
-->

<style-scheme id="tomorrownightbright" _name="Tomorrow Night - Bright" version="1.0">
  <author>tm2gtksw2(Alexandre da Silva)</author>
  <_description>GMate Theme - Generated from textmate theme with tm2gtksw2</_description>

  <style name="bracket-match"  background="#2a2a2a" bold="true"/>
  <style name="bracket-mismatch"  background="#2a2a2a" underline="true"/>
  <style name="css:at-rules" foreground="#c397d8"/>
  <style name="css:color" foreground="#eeeeee"/>
  <style name="css:keyword" foreground="#e7c547"/>
  <style name="current-line"  background="#2a2a2a"/>
  <style name="cursor" foreground="#9f9f9f"/>
  <style name="def:base-n-integer" foreground="#e78c45"/>
  <style name="def:boolean" foreground="#e78c45"/>
  <style name="def:builtin" foreground="#e78c45"/>
  <style name="def:character" foreground="#e78c45"/>
  <style name="def:comment" foreground="#969896"/>
  <style name="def:complex" foreground="#e78c45"/>
  <style name="def:decimal" foreground="#e78c45"/>
  <style name="def:doc-comment" foreground="#969896"/>
  <style name="def:doc-comment-element" foreground="#969896"/>
  <style name="def:error" foreground="#ced2cf" background="#df5f5f"/>
  <style name="def:floating-point" foreground="#e78c45"/>
  <style name="def:function" foreground="#7aa6da"/>
  <style name="def:identifier" foreground="#d54e53"/>
  <style name="def:keyword" foreground="#c397d8"/>
  <style name="def:note" foreground="#969896"/>
  <style name="def:number" foreground="#e78c45"/>
  <style name="def:operator" foreground="#70c0b1"/>
  <style name="def:preprocessor" foreground="#e78c45"/>
  <style name="def:reserved" foreground="#c397d8"/>
  <style name="def:shebang" foreground="#969896"/>
  <style name="def:special-char" foreground="#e78c45"/>
  <style name="def:special-constant" foreground="#e78c45"/>
  <style name="def:statement" foreground="#c397d8"/>
  <style name="def:string" foreground="#b9ca4a"/>
  <style name="def:type" foreground="#e7c547"/>
  <style name="draw-spaces" foreground="#343434"/>
  <style name="html:dtd" foreground="#b9ca4a"/>
  <style name="html:tag" foreground="#d54e53"/>
  <style name="js:function" foreground="#7aa6da"/>
  <style name="line-numbers" foreground="#dedede" background="#2a2a2a"/>
  <style name="perl:builtin" foreground="#7aa6da"/>
  <style name="perl:include-statement" foreground="#c397d8"/>
  <style name="perl:special-variable" foreground="#e78c45"/>
  <style name="perl:variable" foreground="#d54e53"/>
  <style name="php:string" foreground="#b9ca4a"/>
  <style name="python:builtin-constant" foreground="#c397d8"/>
  <style name="python:builtin-function" foreground="#7aa6da"/>
  <style name="python:module-handler" foreground="#c397d8"/>
  <style name="python:special-variable" foreground="#c397d8"/>
  <style name="ruby:attribute-definition" foreground="#c397d8"/>
  <style name="ruby:builtin" foreground="#d54e53"/>
  <style name="ruby:class-variable" foreground="#d54e53"/>
  <style name="ruby:constant" foreground="#d54e53"/>
  <style name="ruby:global-variable" foreground="#7aa6da"/>
  <style name="ruby:instance-variable" foreground="#d54e53"/>
  <style name="ruby:module-handler" foreground="#c397d8"/>
  <style name="ruby:predefined-variable" foreground="#e78c45"/>
  <style name="ruby:regex" foreground="#d54e53"/>
  <style name="ruby:special-variable" foreground="#c397d8"/>
  <style name="ruby:symbol" foreground="#b9ca4a"/>
  <style name="rubyonrails:attribute-definition" foreground="#c397d8"/>
  <style name="rubyonrails:block-parameter" foreground="#e78c45"/>
  <style name="rubyonrails:builtin" foreground="#d54e53"/>
  <style name="rubyonrails:class-inherit" foreground="#b9ca4a"/>
  <style name="rubyonrails:class-name" foreground="#e7c547"/>
  <style name="rubyonrails:class-variable" foreground="#d54e53"/>
  <style name="rubyonrails:complex-interpolation" foreground="#e78c45"/>
  <style name="rubyonrails:constant" foreground="#d54e53"/>
  <style name="rubyonrails:global-variable" foreground="#7aa6da"/>
  <style name="rubyonrails:instance-variable" foreground="#d54e53"/>
  <style name="rubyonrails:module-handler" foreground="#c397d8"/>
  <style name="rubyonrails:module-name" foreground="#e7c547"/>
  <style name="rubyonrails:predefined-variable" foreground="#e78c45"/>
  <style name="rubyonrails:rails" foreground="#d54e53"/>
  <style name="rubyonrails:regex" foreground="#d54e53"/>
  <style name="rubyonrails:simple-interpolation" foreground="#e78c45"/>
  <style name="rubyonrails:special-variable" foreground="#c397d8"/>
  <style name="rubyonrails:symbol" foreground="#b9ca4a"/>
  <style name="search-match"  background="#2a2a2a" bold="true" underline="true"/>
  <style name="selection" foreground="#dedede" background="#424242"/>
  <style name="text" foreground="#dedede" background="#000000"/>
  <style name="xml:attribute-name" foreground="#d54e53"/>
  <style name="xml:doctype" foreground="#d54e53"/>
  <style name="xml:element-name" foreground="#d54e53"/>
  <style name="xml:namespace" foreground="#d54e53"/>
  <style name="xml:tag" foreground="#d54e53"/>
  

</style-scheme>

